3.194852388,-93.051558,13.635896,272.64603,183.051558,-0.998582036,-0.053234559
2.63083828,-60.73593,14.644623,272.666863,150.73593,-0.872375991,0.488835484
0.707281712,49.475743,17.030499,273.000197,40.524257,0.760130944,0.649769919
0.603573637,55.417778,16.240515,273.0036,34.582222,0.823312522,0.567588311
0.146276376,81.618981,13.820356,273.006979,8.381019,0.989320673,0.145755293
0.00462617,89.73494,21.96209,273.166875,0.26506,0.999989299,0.004626153
-0.010521438,90.602834,24.475303,273.170243,-0.602834,0.99994465,-0.010521244
-0.398696993,112.843655,12.408705,273.173623,-22.843655,0.921567627,-0.388217863
1.263559142,17.603394,6.74298,273.33353,72.396606,0.302426354,0.953172755
1.711635671,-8.0695,8.306768,273.336933,98.0695,-0.140374197,0.990098523
2.291897102,-41.316031,8.048708,273.340312,131.316031,-0.660211841,0.75107944
-0.6053763,124.685507,3.17131,273.50022,-34.685507,0.822288014,-0.569071543
-1.317329699,165.477432,9.71378,273.503646,-75.477432,0.250761324,-0.968048944
-1.24586098,161.382576,6.271623,273.507037,-71.382576,0.319247517,-0.947671369
3.15440447,-90.734063,4.681474,273.666887,180.734063,-0.99991793,-0.012811466
2.350646054,-44.682098,6.725989,273.670301,134.682098,-0.70317258,0.711019214
2.742504934,-67.133958,8.902802,273.673669,157.133958,-0.921415869,0.388577915
3.454051933,-107.902598,32.457133,273.90625,197.902598,-0.951580466,-0.307399766
2.905810104,-76.490655,23.317475,273.910625,166.490655,-0.972331832,0.233603955
3.333772306,-101.011083,32.184446,273.915012,191.011083,-0.981590256,-0.190998873
0.109212302,83.742596,31.643354,274.000197,6.257404,0.994042262,0.10899533
-0.083981701,94.811797,31.856269,274.003762,-4.811797,0.996475609,-0.083883016
0.053121033,86.956389,33.254249,274.007315,3.043611,0.99858941,0.053096053
0.153169275,81.224047,6.810885,274.250231,8.775953,0.988292502,0.152571064
0.006512958,89.626835,4.963245,274.253762,0.373165,0.999978791,0.006512912
-0.524300415,120.040201,4.613807,274.257315,-30.040201,0.865674371,-0.500607515
4.166915138,-148.746651,5.32679,274.50022,238.746651,-0.518823228,-0.854881546
3.42585113,-106.286811,5.944867,274.503785,196.286811,-0.959869874,-0.280445762
3.595306648,-115.995897,5.59964,274.507326,205.995897,-0.898825436,-0.438306782
2.482541301,-52.239139,35.484617,274.75022,142.239139,-0.790573508,0.612367152
2.589730836,-58.380647,38.35869,274.753738,148.380647,-0.851549897,0.524273567
2.450445603,-50.400191,39.629678,274.757303,140.400191,-0.770515368,0.637421421
0.109660869,83.716895,40.810504,275.000231,6.283105,0.99399327,0.109441214
2.312602222,-42.502347,51.263946,275.003785,132.502347,-0.675620408,0.737249662
-0.170853038,99.789158,30.21427,275.00735,-9.789158,0.985440089,-0.170023029
0.90205248,38.3162,16.908826,275.25022,51.6838,0.620000897,0.784601101
1.899453903,-18.830692,21.320709,275.253704,108.830692,-0.322772747,0.946476494
1.994757606,-24.291192,21.467748,275.257187,114.291192,-0.411374245,0.911466527
0.441433317,64.707734,35.303221,275.50022,25.292266,0.904140228,0.427235823
0.098230534,84.371805,38.073325,275.50375,5.628195,0.995179259,0.098072635
1.378508761,11.017266,55.626411,275.507245,78.982734,0.191104799,0.981569639
1.889496066,-18.26015,33.087504,275.750231,108.26015,-0.313332042,0.949643634
2.044224513,-27.125437,28.075395,275.753819,117.125437,-0.455940081,0.890010473
2.085870478,-29.511575,42.772891,275.757431,119.511575,-0.492599381,0.870256198
-1.061488551,150.818814,4.066274,276.000231,-60.818814,0.487572995,-0.873082227
-0.948845595,144.364848,8.74883,276.003727,-54.364848,0.582621713,-0.812743465
-0.423987547,114.292697,4.526311,276.007257,-24.292697,0.911455721,-0.411398187
0.681390241,50.959215,7.158945,276.250231,39.040785,0.776697794,0.629873429
-0.638952141,126.609261,9.727592,276.253704,-36.609261,0.802721094,-0.596354631
-0.640295713,126.686242,6.883197,276.257199,-36.686242,0.801919124,-0.597432605
0.892233135,38.878807,10.021709,276.50022,51.121193,0.627675152,0.778475371
1.400428159,9.761377,4.963567,276.503715,80.238623,0.169545199,0.985522413
4.00994211,-139.752759,3.937266,276.507199,229.752759,-0.646087226,-0.763263582
3.636146637,-118.335856,34.771193,276.75022,208.335856,-0.880180494,-0.474639124
3.612360993,-116.973039,18.752251,276.753715,206.973039,-0.891220054,-0.453571179
3.485181626,-109.686198,21.256156,276.757164,199.686198,-0.94155172,-0.336868457
2.222826691,-37.358588,23.900768,277.000231,127.358588,-0.606801498,0.79485341
3.485393788,-109.698354,35.935324,277.003692,199.698354,-0.941480229,-0.337068212
2.529620528,-54.93658,33.606761,277.007187,144.93658,-0.818516658,0.574482794
3.217381412,-94.342376,20.208366,277.773611,184.342376,-0.997129406,-0.075716225
3.489155008,-109.913856,24.721859,277.777164,199.913856,-0.940205785,-0.340606933
3.351611491,-102.033193,28.334382,277.780706,192.033193,-0.978026988,-0.208478323
3.583270561,-115.30628,23.719796,278.000428,205.30628,-0.904035703,-0.427456954
3.507803746,-110.98235,35.891767,278.003391,200.98235,-0.933690778,-0.358080343
3.581912259,-115.228455,26.676526,278.006296,205.228455,-0.904615485,-0.426228606
1.54042587,1.740099,24.794985,278.25022,88.259901,0.030365788,0.999538853
1.105647685,26.651054,22.721691,278.253102,63.348946,0.448555655,0.893754902
1.437486019,7.638118,26.830246,278.256019,82.361882,0.132915801,0.991127333
3.859773737,-131.148745,11.831232,278.500208,221.148745,-0.753003851,-0.65801611
3.118989348,-88.704926,32.141843,278.503102,178.704926,-0.999744556,0.022601381
3.411591668,-105.469804,22.144167,278.506019,195.469804,-0.963771159,-0.266730487
-0.115360242,96.609655,35.733361,278.75022,-6.609655,0.993353383,-0.115104544
-0.159686631,99.14937,38.776199,278.753113,-9.14937,0.98727716,-0.159008832
0.091011206,84.785442,38.76879,278.756019,5.214558,0.995861338,0.090885617
3.100805513,-87.663069,11.269131,279.000208,177.663069,-0.99916832,0.040775832
3.232478667,-95.207385,13.292276,279.00309,185.207385,-0.995872708,-0.090760942
2.769663758,-68.690044,15.247947,279.005995,158.690044,-0.931628093,0.36341312
3.921790312,-134.702033,24.333603,280.00022,224.702033,-0.710774515,-0.703419923
3.844000289,-130.244993,17.487683,280.00309,220.244993,-0.763288931,-0.646057279
4.299076618,-156.318946,14.658507,280.005938,246.318946,-0.401644972,-0.915795455
0.275734742,74.201563,42.361523,280.25022,15.798437,0.962225421,0.272253998
0.341823711,70.414944,36.358423,280.25309,19.585056,0.942144914,0.335205849
0.261760729,75.002215,31.630409,280.255938,14.997785,0.965935831,0.258781703
2.6144976,-59.799678,28.750064,280.500197,149.799678,-0.864271975,0.503024804
2.499016144,-53.183078,30.947786,280.503079,143.183078,-0.800554418,0.599260064
2.771654463,-68.804103,20.623268,280.505938,158.804103,-0.932349695,0.361557805
0.230516124,76.792399,36.804145,280.750208,13.207601,0.973548601,0.228480025
0.258865873,75.168078,30.969681,280.753079,14.831922,0.966680918,0.255984378
0.259678586,75.121513,35.313861,280.755949,14.878487,0.966472558,0.256769927
3.722881804,-123.305415,30.787176,281.00022,213.305415,-0.83575547,-0.549101807
3.684987896,-121.134254,25.257167,281.003079,211.134254,-0.855958125,-0.517045152
3.192786843,-92.933211,15.641603,281.005938,182.933211,-0.998689864,-0.051171831
2.655212815,-62.132488,15.730008,281.125208,152.132488,-0.884030815,0.467428624
3.581603196,-115.210747,11.617879,281.128137,205.210747,-0.904747173,-0.425949003
3.949363425,-136.281856,5.811987,281.131042,226.281856,-0.69111132,-0.722748326
0.283872619,73.735297,31.944254,281.250208,16.264703,0.959978014,0.280075369
0.18623932,79.329273,37.991354,281.256007,10.670727,0.982707527,0.185164564
0.352184143,69.821335,13.385786,281.37522,20.178665,0.938621535,0.344948712
-0.189213047,100.841109,12.46923,281.378148,-10.841109,0.982152554,-0.188086045
-0.370220742,111.212086,11.739088,281.381042,-21.212086,0.932247499,-0.361821227
2.832675799,-72.300368,25.310869,281.50022,162.300368,-0.952663434,0.304026942
2.901264306,-76.2302,34.431369,281.503148,166.2302,-0.971259873,0.23802155
3.6243243,-117.658486,27.067244,281.506053,207.658486,-0.885730197,-0.464200407
-1.082879097,152.044402,19.075691,281.625231,-62.044402,0.468787172,-0.88331115
-0.637297325,126.514447,17.525524,281.628194,-36.514447,0.803706852,-0.595025459
-0.437159198,115.047377,20.660823,281.631076,-25.047377,0.905958021,-0.423367529
-0.132849646,97.611724,30.786347,281.750231,-7.611724,0.991188457,-0.132459212
-0.115560868,96.62115,36.191674,281.753137,-6.62115,0.99333027,-0.115303833
0.144471671,81.722383,33.642038,281.756042,8.277617,0.989582107,0.143969625
-0.232523811,103.322633,20.355974,281.875208,-13.322633,0.973087923,-0.230434145
-0.345638076,109.803603,16.026564,281.878148,-19.803603,0.940859466,-0.338797086
0.054963385,86.85083,14.353914,281.881007,3.14917,0.998489893,0.054935716
3.499437754,-110.503014,30.793672,282.00022,200.503014,-0.936653766,-0.350256654
3.286953325,-98.328553,22.506664,282.00316,188.328553,-0.989453727,-0.144849307
3.386328271,-104.022318,25.763602,282.006065,194.022318,-0.970201419,-0.242299829
3.518098431,-111.572192,17.955124,282.125231,201.572192,-0.929955042,-0.367673251
3.546063597,-113.174478,29.838706,282.128137,203.174478,-0.919310727,-0.393532448
3.58058806,-115.152584,23.663287,282.13103,205.152584,-0.905179103,-0.425030342
1.85513343,-16.291316,4.882906,282.25022,106.291316,-0.280521233,0.95984782
1.242104019,18.832682,8.289242,282.253125,71.167318,0.32280562,0.946465283
1.44846304,7.009181,5.758592,282.256042,82.990819,0.122028386,0.992526611
3.11317337,-88.371695,16.481248,282.37522,178.371695,-0.999596199,0.028415458
3.196225386,-93.130225,22.338231,282.378137,183.130225,-0.998508003,-0.054605559
3.364675629,-102.781713,29.271034,282.381019,192.781713,-0.975220016,-0.22123725
3.711463947,-122.65122,27.378653,282.50022,212.65122,-0.841970422,-0.539523686
3.814768974,-128.570162,18.913324,282.503148,218.570162,-0.781845265,-0.623472519
3.385473741,-103.973357,28.588182,282.506007,193.973357,-0.970408117,-0.241470674
2.642986539,-61.431974,18.439441,282.62522,151.431974,-0.878249973,0.478201824
2.331593359,-43.590459,20.026668,282.628113,133.590459,-0.689498944,0.724286688
2.69070522,-64.166053,17.503529,282.630972,154.166053,-0.900060745,0.43576445
0.053979299,86.907214,34.143921,282.750231,3.092786,0.998543471,0.053953089
-0.30012811,107.196074,35.130147,282.75316,-17.196074,0.955298622,-0.295642592
-0.125194335,97.173107,32.287468,282.756053,-7.173107,0.99217342,-0.12486755
-0.35686084,110.44662,38.972413,282.87522,-20.44662,0.936998056,-0.349334572
-0.324964372,108.619087,53.497778,282.87816,-18.619087,0.947662102,-0.319275023
0.396582579,67.277492,35.314381,282.881019,22.722508,0.922386419,0.386268421
3.660075799,-119.706896,23.179108,283.00022,209.706896,-0.868571876,-0.495563212
3.643698206,-118.768529,23.879539,283.003183,208.768529,-0.876571162,-0.48127227
3.543496741,-113.027408,37.968652,283.006053,203.027408,-0.920317838,-0.391171416
2.193927268,-35.702773,8.062564,283.125231,125.702773,-0.583580514,0.812055284
2.300703614,-41.820607,10.547621,283.128125,131.820607,-0.666800545,0.745236226
1.382246889,10.803087,9.704001,283.13103,79.196913,0.187434238,0.982277154
4.282464801,-155.367159,7.36199,283.25022,245.367159,-0.416801883,-0.908997354
-0.574824817,122.935036,2.166694,283.253148,-32.935036,0.83928756,-0.543687771
-0.019862301,91.138026,2.078017,283.256019,-1.138026,0.999802751,-0.019860995
-0.008399659,90.481265,37.750804,283.37522,-0.481265,0.999964723,-0.00839956
0.102733832,84.113785,35.183083,283.378125,5.886215,0.99472752,0.102553215
0.075741111,85.660354,28.36421,283.380995,4.339646,0.997133013,0.075668714
3.556262272,-113.758819,27.23335,283.50022,203.758819,-0.915249477,-0.40288757
3.488186769,-109.85838,22.162818,283.50316,199.85838,-0.940535133,-0.33969643
3.760714626,-125.473076,26.498153,283.506065,215.473076,-0.814388308,-0.580320329
3.490910687,-110.014449,26.619965,283.625208,200.014449,-0.939606339,-0.342257107
3.613361329,-117.030354,33.371449,283.62809,207.030354,-0.890765885,-0.454462471
3.269111086,-97.306268,34.630156,283.630961,187.306268,-0.991880536,-0.127173118
-0.499933594,118.644085,27.11967,283.75022,-28.644085,0.877614396,-0.479367261
-0.472763984,117.087381,33.66855,283.753137,-27.087381,0.890313114,-0.455348833
-0.286896385,106.437952,36.420217,283.755995,-16.437952,0.959126745,-0.282976832
0.179073277,79.739857,39.002165,283.87522,10.260143,0.984009181,0.178117746
0.088739678,84.915591,43.514415,283.878148,5.084409,0.996065218,0.088623257
-0.091913227,95.26624,36.922982,283.881007,-5.26624,0.995778952,-0.091783867
0.140570877,81.945882,37.480501,284.000243,8.054118,0.990136173,0.140108384
-0.105713458,96.056935,37.261145,284.003183,-6.056935,0.994417534,-0.105516671
0.15861924,80.911787,38.286848,284.006042,9.088213,0.987446322,0.157954931
1.356459737,12.280582,17.354529,284.125197,77.719418,0.212699245,0.977117716
1.817956608,-14.161241,32.034576,284.128113,104.161241,-0.244651527,0.969611072
1.939827225,-21.143913,29.841004,284.130984,111.143913,-0.360711743,0.93267735
-0.041164603,92.358558,8.102107,284.25022,-2.358558,0.999152857,-0.041152978
-0.80354854,136.03994,3.078234,284.253125,-46.03994,0.694156761,-0.719823861
1.247922807,18.49929,2.304138,284.255995,71.50071,0.317292905,0.948327587
0.02446798,88.598088,32.460106,284.37522,1.401912,0.999700674,0.024465539
-0.009211551,90.527783,32.64254,284.378125,-0.527783,0.999957574,-0.009211421
-0.083004787,94.755824,35.924676,284.380995,-4.755824,0.99655708,-0.082909506
0.057333804,86.715015,7.53542,284.50022,3.284985,0.998356868,0.057302398
-0.128551231,97.365443,9.640423,284.503148,-7.365443,0.991748663,-0.128197463
-0.050118089,92.871555,8.612188,284.506042,-2.871555,0.998744351,-0.050097111
2.55549547,-56.419105,7.964003,284.625231,146.419105,-0.83310572,0.553113785
2.708053513,-65.160037,6.670043,284.62816,155.160037,-0.907484696,0.420085142
2.468167799,-51.415598,6.464843,284.631065,141.415598,-0.781690286,0.623666815
0.428285525,65.461047,13.217155,284.75022,24.538953,0.909679128,0.415311791
0.074588915,85.72637,19.065005,284.753183,4.27363,0.997219536,0.074519771
0.740002848,47.60096,7.118134,284.756053,42.39904,0.738466639,0.674290015
-0.31100282,107.819149,27.652733,284.875231,-17.819149,0.952027172,-0.306013502
-0.272869051,105.634245,33.132246,284.87838,-15.634245,0.963001665,-0.269495443
-0.350601217,110.08797,28.548574,284.881493,-20.08797,0.939166387,-0.343462512
0.680298694,51.021756,32.058506,285.000243,38.978244,0.777384867,0.629025253
0.197754479,78.669503,36.709031,285.003137,11.330497,0.980510223,0.196468071
0.197394522,78.690127,38.077557,285.005995,11.309873,0.980580879,0.196115117
-0.317229439,108.175908,6.943734,285.12522,-18.175908,0.9501033,-0.311935442
-0.668060184,128.277029,7.493404,285.128137,-38.277029,0.785024789,-0.61946435
-0.241334041,103.827422,3.37888,285.131088,-13.827422,0.971020006,-0.238998219
2.05774893,-27.900329,28.658652,285.250208,117.900329,-0.467934889,0.883762943
2.000502515,-24.620351,33.985258,285.253148,114.620351,-0.416603719,0.909088192
2.118306218,-31.370006,35.576402,285.256019,121.370006,-0.520562732,0.853823426
2.111908591,-31.003449,50.660761,285.375231,121.003449,-0.515089672,0.857136296
1.622831433,-2.981392,28.166377,285.378148,92.981392,-0.052011628,0.998646479
1.865932341,-16.910048,24.282781,285.381007,106.910048,-0.290869986,0.956762589
3.434420016,-106.777772,27.082994,285.50022,196.777772,-0.957431556,-0.288660381
4.023524332,-140.530963,17.707079,285.503148,230.530963,-0.635661137,-0.771968211
4.067756473,-143.065278,20.261415,285.506042,233.065278,-0.600904735,-0.799320649
2.48313096,-52.272924,36.203894,285.625208,142.272924,-0.790934458,0.611900877
2.487028717,-52.496249,32.701077,285.628125,142.496249,-0.793313485,0.608813366
2.429578534,-49.204596,30.388117,285.63103,139.204596,-0.757047468,0.653359879
3.255534345,-96.528378,11.672127,285.75022,186.528378,-0.993515665,-0.113695306
2.922659128,-77.456033,14.421744,285.753113,167.456033,-0.976129631,0.217188729
2.493698999,-52.878428,17.795817,285.755995,142.878428,-0.797356763,0.603508237
-0.243945979,103.977075,24.505,285.87522,-13.977075,0.970392446,-0.241533645
-0.378893039,111.708972,22.542188,285.87816,-21.708972,0.929074661,-0.369892246
-0.38186968,111.879521,27.874361,285.88103,-21.879521,0.92796951,-0.372656126
-0.463191813,116.538936,0.862176,286.000208,-26.538936,0.894630936,-0.446805873
2.237046901,-38.173346,4.218667,286.003148,128.173346,-0.618042748,0.786144492
4.041019565,-141.533366,2.071879,286.006065,231.533366,-0.622058782,-0.782970543
-0.583568428,123.436008,31.276287,286.12522,-33.436008,0.834501744,-0.551005298
-0.35469801,110.322699,29.5718,286.128125,-20.322699,0.937751415,-0.34730719
-0.539637182,120.918933,26.657559,286.130995,-30.918933,0.857895163,-0.513824766
3.403199322,-104.988958,9.778612,286.25022,194.988958,-0.965975688,-0.258632888
4.163709317,-148.562971,5.595681,286.253125,238.562971,-0.521561154,-0.853213902
4.458321174,-165.442987,11.100878,286.255995,255.442987,-0.251343249,-0.967898017
4.022329061,-140.462479,13.04572,286.37522,230.462479,-0.636583394,-0.771207873
4.18540732,-149.806175,10.134504,286.37816,239.806175,-0.502926797,-0.864329009
3.588330148,-115.596173,6.984154,286.381076,205.596173,-0.901861385,-0.432025511
-0.173162039,99.921454,35.647418,286.500208,-9.921454,0.985044879,-0.172297955
-0.36484724,110.904207,27.067575,286.503125,-20.904207,0.934178278,-0.356806593
-0.290393291,106.63831,29.214192,286.506019,-16.63831,0.958131339,-0.286329072
3.712903652,-122.733709,11.116407,286.62522,212.733709,-0.841192795,-0.540735316
3.781229191,-126.648474,11.685298,286.628137,216.648474,-0.802312763,-0.59690387
3.62607401,-117.758737,9.366569,286.631007,207.758737,-0.884916626,-0.465749466
4.077097004,-143.600451,7.371962,286.75022,233.600451,-0.593412551,-0.804898468
3.53577914,-112.585222,6.593818,286.753137,202.585222,-0.923309306,-0.384057191
2.108873883,-30.829573,4.448064,286.755995,120.829573,-0.512486146,0.858695494
2.584723016,-58.09372,14.809146,286.87522,148.09372,-0.848913762,0.528531385
2.016466239,-25.535005,14.887278,286.878137,115.535005,-0.431062453,0.902322094
-0.671274766,128.461211,25.649858,287.005995,-38.461211,0.783029417,-0.621984672
1.029352328,31.022456,9.459934,287.12522,58.977544,0.515373986,0.856965375
0.287905412,73.504235,3.053351,287.128067,16.495765,0.958840725,0.283944473
-0.235156919,103.473499,9.94022,287.130949,-13.473499,0.972477792,-0.232995589
3.849221895,-130.544169,18.627433,287.250197,220.544169,-0.759905084,-0.650034048
3.913139657,-134.206387,26.430539,287.25309,224.206387,-0.716832887,-0.697245016
3.678293075,-120.750669,33.488865,287.255984,210.750669,-0.859400441,-0.511303121
3.644130943,-118.793323,28.547975,287.37522,208.793323,-0.876362816,-0.48165155
3.593841881,-115.911972,41.285316,287.378079,205.911972,-0.899466489,-0.436989742
2.630711481,-60.728665,25.104704,287.380984,150.728665,-0.872314001,0.488946095
-0.724652188,131.519512,29.572817,287.50022,-41.519512,0.748730023,-0.662875066
-0.647413689,127.094072,26.864086,287.50316,-37.094072,0.797646334,-0.603125464
-0.557555134,121.945556,22.392028,287.506019,-31.945556,0.848551257,-0.529113187
-0.554463963,121.768445,1.787253,287.62522,-31.768445,0.850182779,-0.526487647
1.4269528,8.241627,1.624572,287.62809,81.758373,0.143347996,0.989672346
1.825214019,-14.57706,9.629559,287.630949,104.57706,-0.251681888,0.967810016
3.594651609,-115.958366,6.345542,287.75022,205.958366,-0.899112352,-0.437717922
4.105529692,-145.229524,6.996949,287.753299,235.229524,-0.570290361,-0.821443184
4.026656535,-140.710425,6.579346,287.756331,230.710425,-0.633240061,-0.773955441
3.852737809,-130.745616,0.574309,287.87522,220.745616,-0.757614928,-0.652701785
0.701438175,49.810553,3.87646,287.878137,40.189447,0.763914899,0.645316997
1.002289863,32.573021,1.125198,287.881019,57.426979,0.538374038,0.842705996
0.689846221,50.474723,29.7127,288.000231,39.525277,0.771343892,0.636418574
0.328817797,71.160128,31.442199,288.003148,18.839872,0.946424767,0.322924388
0.401744059,66.981761,33.261158,288.006076,23.018239,0.920380425,0.391024134
-0.170618309,99.775709,39.052434,288.125231,-9.775709,0.985479972,-0.169791712
-0.160350013,99.187379,41.823127,288.128171,-9.187379,0.987171459,-0.159663739
0.144213886,81.737153,40.723068,288.131065,8.262847,0.989619188,0.14371452
-0.175381434,100.048616,5.826738,288.25022,-10.048616,0.984660056,-0.174483734
0.081657707,85.321358,8.469734,288.253113,4.678642,0.996667862,0.081566989
-0.053437374,93.061736,6.915736,288.255984,-3.061736,0.998572563,-0.053411945
0.073217574,85.804942,29.964136,288.37522,4.195058,0.997320791,0.073152174
-0.054212754,93.106162,36.210491,288.378148,-3.106162,0.998530849,-0.054186202
0.050955429,87.080469,31.538258,288.381111,2.919531,0.998702053,0.050933381
-0.229757499,103.164135,31.591332,288.50022,-13.164135,0.973721651,-0.227741402
-0.22405474,102.837391,32.966271,288.503171,-12.837391,0.975004565,-0.222184829
0.05541944,86.8247,38.526901,288.506088,3.1753,0.998464736,0.055391076
-0.089484654,95.127093,30.14145,288.62522,-5.127093,0.995998919,-0.089365277
0.206731405,78.155163,33.409816,288.62809,11.844837,0.97870706,0.205262005
0.090745672,84.800656,32.586989,288.630984,5.199344,0.995885436,0.090621178
1.661841427,-5.2165,3.827639,288.75022,95.2165,-0.090919371,0.995858257
1.512163666,3.359404,5.000598,288.753137,86.640596,0.058599072,0.998281598
1.837636173,-15.288797,17.334713,288.756042,105.288797,-0.263684446,0.964608995
3.618350405,-117.316207,3.678205,288.87522,207.316207,-0.888487461,-0.458900895
3.57895958,-115.059279,7.798007,288.87816,205.059279,-0.905870055,-0.423555714
4.158936191,-148.289491,13.168546,288.881088,238.289491,-0.525627695,-0.850714715
-0.396353993,112.709411,26.324511,289.000231,-22.709411,0.922474691,-0.386057567
-0.563232183,122.270827,27.183105,289.00316,-32.270827,0.845533797,-0.533921902
-0.497185172,118.486612,23.33168,289.00603,-28.486612,0.878928584,-0.476953399
-0.671108244,128.45167,22.262258,289.12522,-38.45167,0.78313298,-0.621854271
-0.823295545,137.17136,21.733623,289.128148,-47.17136,0.679807983,-0.733390146
-0.479624298,117.480448,25.695948,289.130995,-27.480448,0.887168352,-0.461445897
3.165892018,-91.392251,2.981772,289.25022,181.392251,-0.999704785,-0.024296973
2.843082237,-72.896613,6.035558,289.253183,162.896613,-0.955775631,0.294096826
3.171145685,-91.693264,3.28036,289.256053,181.693264,-0.999563341,-0.02954873
2.452270537,-50.504752,9.506887,289.375231,140.504752,-0.771677336,0.636014221
2.24691775,-38.738904,17.07427,289.378125,128.738904,-0.625772427,0.780005686
2.058863759,-27.964204,12.059819,289.380995,117.964204,-0.468919843,0.883240727
-0.209961259,102.029894,11.317412,289.50022,-12.029894,0.97803899,-0.20842201
-0.362973891,110.796872,22.797393,289.50316,-20.796872,0.934845062,-0.355055926
-0.11654005,96.677253,19.725889,289.506019,-6.677253,0.993216891,-0.116276429
-0.227884673,103.05683,36.238695,289.62522,-13.05683,0.974146463,-0.225917393
-0.139006399,97.96448,34.62709,289.628148,-7.96448,0.990354158,-0.138559167
-0.16310156,99.345031,27.036424,289.63103,-9.345031,0.986728401,-0.16237938
2.43028527,-49.245089,10.368733,289.75022,139.245089,-0.757509032,0.652824683
2.303554993,-41.983979,23.028257,289.75316,131.983979,-0.668922783,0.743331898
2.204375001,-36.301384,29.651528,289.75603,126.301384,-0.592032646,0.805913982
0.495055277,61.635422,2.215937,289.875231,28.364578,0.87994245,0.475080293
-1.282528393,163.483464,6.411822,289.878125,-73.483464,0.284292056,-0.958737726
-1.450851471,173.127666,3.081725,289.880995,-83.127666,0.119657459,-0.992815236
3.4533057,-107.859842,5.916499,290.000208,197.859842,-0.951809593,-0.30668958
4.278778037,-155.155923,8.887954,290.003137,245.155923,-0.420150301,-0.90745453
-1.39343541,169.837968,9.441259,290.005995,-79.837968,0.176432508,-0.98431274
0.243990956,76.020348,17.424522,290.12522,13.979652,0.970381581,0.24157729
0.01158108,89.336453,13.084167,290.128148,0.663547,0.99993294,0.011580821
0.239217759,76.293832,6.834733,290.131019,13.706168,0.971523618,0.236942734
3.451078608,-107.732239,19.969409,290.25022,197.732239,-0.952490258,-0.304569053
3.57780878,-114.993343,23.433826,290.25316,204.993343,-0.906356883,-0.422512958
3.514161963,-111.346649,25.543909,290.256076,201.346649,-0.931395167,-0.364009673
3.275928203,-97.69686,16.305068,290.37522,187.69686,-0.990990541,-0.133931876
3.299529173,-99.049096,8.711055,290.378125,189.049096,-0.987553931,-0.157280745
2.386371512,-46.729016,16.492392,290.380995,136.729016,-0.72811998,0.685449703
2.515579179,-54.13207,6.9683,290.50022,144.13207,-0.810369722,0.585918863
3.182351048,-92.335284,2.450922,290.503137,182.335284,-0.999169492,-0.040747111
-1.119691407,154.153592,3.259338,290.506042,-64.153592,0.43596019,-0.899965951
-0.108439959,96.213152,24.471759,290.625231,-6.213152,0.994126147,-0.108227556
0.004732495,89.728848,32.125284,290.628194,0.271152,0.999988802,0.004732478
0.254620447,75.411323,33.288155,290.6311,14.588677,0.967758966,0.251878111
3.516399021,-111.474823,2.94736,290.87522,201.474823,-0.930578527,-0.366092346
-1.3634332,168.118968,3.026637,290.878125,-78.118968,0.205880235,-0.978577196
-1.010260485,147.883662,4.060954,290.881007,-57.883662,0.531640116,-0.846970358
0.068671637,86.065405,37.910678,291.50022,3.934595,0.99764303,0.068617677
0.129092842,82.603525,29.385985,291.62522,7.396475,0.991679084,0.128734586
0.290195092,73.373046,28.388755,291.62809,16.626954,0.95818807,0.286139165
0.024631046,88.588745,16.710393,291.630961,1.411255,0.999696671,0.024628556
0.373125179,68.621502,35.064401,291.750231,21.378498,0.931192682,0.364527351
0.367704501,68.932084,34.419788,291.753264,21.067916,0.933154976,0.359474324
0.302405398,72.673447,35.142328,291.756424,17.326553,0.954622882,0.297817314
2.736551703,-66.792863,13.059546,291.875208,156.792863,-0.919086261,0.394056398
2.415627646,-48.405269,11.574364,291.878148,138.405269,-0.747859143,0.663857441
-0.288033083,106.50308,9.854218,291.8811,-16.50308,0.958804466,-0.284066887
2.16883261,-34.264955,27.309446,292.000231,124.264955,-0.56302066,0.826442821
1.910672914,-19.473494,21.961811,292.003206,109.473494,-0.333370742,0.942795815
1.884059558,-17.948661,29.630099,292.006157,107.948661,-0.308164691,0.951333024
0.047403195,87.283997,34.574912,292.12522,2.716003,0.998876679,0.047385444
0.410141361,66.500631,27.969466,292.12816,23.499369,0.917064466,0.398738969
0.161032158,80.773537,40.993151,292.131076,9.226463,0.987062316,0.160337096
0.027261868,88.43801,31.024415,292.250231,1.56199,0.999628418,0.027258492
0.061429027,86.480376,29.441133,292.253218,3.519624,0.998113831,0.061390401
0.116553803,83.321959,36.357998,292.256111,6.678041,0.993215291,0.116290089
3.13127685,-89.408948,18.43302,292.375231,179.408948,-0.999946793,0.01031562
2.721436209,-65.926809,32.596356,292.378183,155.926809,-0.913025137,0.407903296
2.358518483,-45.133155,27.14667,292.381111,135.133155,-0.708748182,0.705461562
2.100202441,-30.332736,23.584892,292.50022,120.332736,-0.505020843,0.863107147
1.623454516,-3.017092,10.525653,292.50316,93.017092,-0.052633857,0.998613878
2.053865503,-27.677825,17.592638,292.5061,117.677825,-0.46449934,0.885573466
0.046320323,87.346041,14.305215,292.625231,2.653959,0.998927406,0.046303761
0.465095217,63.352007,19.719363,292.628183,26.647993,0.893778864,0.448507906
-0.240296774,103.767991,17.022815,292.631123,-13.767991,0.971267388,-0.237990884
0.205167538,78.244766,28.320255,292.750208,11.755234,0.979026866,0.203731187
0.51699541,60.378345,30.349873,292.753148,29.621655,0.869308182,0.494270458
0.223908552,77.170985,33.19353,292.756088,12.829015,0.975037036,0.222042292
4.060414711,-142.644626,3.179082,292.87522,232.644626,-0.606756909,-0.794887447
3.504394332,-110.787005,5.648783,292.87816,200.787005,-0.934906193,-0.35489493
2.575874371,-57.58673,9.092596,292.881076,147.58673,-0.844203803,0.536022331
-0.942721845,144.013983,7.992799,293.000231,-54.013983,0.587587795,-0.809160419
-0.223977475,102.832964,7.720511,293.003148,-12.832964,0.975021729,-0.222109494
-1.226084689,160.249478,5.023209,293.006053,-70.249478,0.337925293,-0.941172937
-0.52714888,120.203406,6.526848,293.12522,-30.203406,0.864244898,-0.503071323
-0.811896991,136.518271,6.337181,293.128148,-46.518271,0.688123227,-0.725593843
-0.411940865,113.602473,9.532554,293.1311,-23.602473,0.916345449,-0.400388584
-0.038191888,92.188234,34.034827,293.250231,-2.188234,0.999270778,-0.038182604
0.434914826,65.081216,29.052657,293.253148,24.918784,0.906905932,0.421333158
-0.165233113,99.46716,35.41708,293.256088,-9.46716,0.986380039,-0.164482273
2.692108045,-64.246429,24.77748,293.375231,154.246429,-0.90067116,0.434501393
2.752723104,-67.719416,31.747157,293.378171,157.719416,-0.925338253,0.379142609
3.128666448,-89.259383,20.67948,293.381111,179.259383,-0.999916458,0.012925845
0.457141368,63.807729,8.473604,293.50022,26.192271,0.897317919,0.441384812
0.549548471,58.513192,9.009089,293.503148,31.486808,0.852760444,0.522302236
0.137874117,82.100395,6.67925,293.506065,7.899605,0.990510411,0.137437717
0.027715933,88.411994,11.885933,293.62522,1.588006,0.999615938,0.027712385
-0.322205896,108.461038,18.628684,293.62816,-18.461038,0.948539208,-0.316659709
-0.392497234,112.488435,14.149502,293.631076,-22.488435,0.923956757,-0.382496942
2.600947317,-59.023304,13.342544,293.75022,149.023304,-0.857376712,0.514689395
1.847209479,-15.837307,10.308302,293.753264,105.837307,-0.272906718,0.9620405
4.249688128,-153.489194,5.250562,293.756354,243.489194,-0.44636659,-0.894850193
2.660119703,-62.413632,17.03426,293.87522,152.413632,-0.886313783,0.463085174
2.832520063,-72.291445,15.414864,293.87816,162.291445,-0.952616075,0.304175302
2.63976906,-61.247626,12.533705,293.881088,151.247626,-0.876706826,0.481025095
2.268163277,-39.956183,13.592457,294.000231,129.956183,-0.642201589,0.766535791
2.128066605,-31.929235,14.857249,294.003206,121.929235,-0.528871451,0.848701943
2.538625397,-55.452521,15.074662,294.006134,145.452521,-0.823656545,0.567088967
0.116325636,83.335032,36.196392,294.125231,6.664968,0.993241799,0.116063467
0.24092621,76.195945,33.623911,294.128194,13.804055,0.971117396,0.238602187
0.862852961,40.562167,31.050428,294.131111,49.437833,0.650272721,0.759700855
-0.179760727,100.299531,36.33569,294.25022,-10.299531,0.983886502,-0.178794161
0.141135352,81.91354,28.417209,294.253148,8.08646,0.990056928,0.140667268
0.105906038,83.932031,25.61394,294.256065,6.067969,0.994397195,0.105708174
-0.227744715,103.048811,18.05266,294.375231,-13.048811,0.974178073,-0.225781051
-0.01155764,90.662204,11.368736,294.378171,-0.662204,0.999933211,-0.011557383
0.214987685,77.682113,10.773805,294.381088,12.317887,0.976979021,0.213335397
2.878475403,-74.924492,17.915093,294.50022,164.924492,-0.965583899,0.260091778
3.518417512,-111.590474,17.661134,294.503171,201.590474,-0.929837677,-0.367969963
2.682211645,-63.679407,13.309422,294.506088,153.679407,-0.896327126,0.443393373
0.230518462,76.792265,38.899762,294.62522,13.207735,0.973548066,0.228482302
0.131501012,82.465547,34.058364,294.628137,7.534453,0.991366194,0.131122343
-0.083891711,94.806641,35.337344,294.631053,-4.806641,0.996483154,-0.083793344
2.993134389,-81.493968,57.148875,294.750231,171.493968,-0.989000297,0.147913532
0.252649639,75.524242,60.12624,294.753287,14.475758,0.96825349,0.249970356
0.877292349,39.734851,28.801404,294.75625,50.265149,0.639235698,0.769010873
0.262395296,74.965857,37.124213,294.875231,15.034143,0.965771423,0.259394602
1.277287413,16.816822,24.972531,294.87816,73.183178,0.289312853,0.957234597
1.057249443,29.424069,29.284378,294.881111,60.575931,0.491269693,0.871007514
-1.274956037,163.0496,5.857277,295.000208,-73.0496,0.291543738,-0.956557499
-0.691690528,129.630948,5.276157,295.003171,-39.630948,0.770168829,-0.637840085
-1.037033661,149.417652,3.33525,295.006146,-59.417652,0.508776209,-0.860898814
3.457261175,-108.086474,2.248407,295.12522,198.086474,-0.950589048,-0.31045203
2.849420156,-73.259749,3.775895,295.128148,163.259749,-0.957620384,0.288033331
2.789591631,-69.831827,4.901119,295.131088,159.831827,-0.938684686,0.344776826
0.296598129,73.006179,27.694418,295.25022,16.993821,0.956336281,0.292268571
0.147910161,81.525372,25.792468,295.253322,8.474628,0.98908122,0.147371436
0.100215427,84.258079,33.307793,295.256343,5.741921,0.994982635,0.100047765
-0.271158908,105.536261,12.902209,295.375231,-15.536261,0.963461132,-0.267848179
-0.350652896,110.090931,12.888249,295.378183,-20.090931,0.939148636,-0.343511047
-0.401255209,112.99023,5.726902,295.381134,-22.99023,0.920571467,-0.39057416
3.48660194,-109.767576,6.411511,295.50022,199.767576,-0.941072312,-0.338205416
3.540349756,-112.847099,10.143535,295.503194,202.847099,-0.92154429,-0.388273257
3.424300143,-106.197946,6.798607,295.506134,196.197946,-0.960303687,-0.27895668
0.666260505,51.826085,34.265297,295.62522,38.173915,0.786138354,0.618050555
-0.002452467,90.140516,33.926634,295.628171,-0.140516,0.999996993,-0.002452464
-0.317459543,108.189092,33.847963,295.631088,-18.189092,0.950031497,-0.312154057
-0.275132813,105.763949,31.023226,295.75022,-15.763949,0.962389124,-0.271674757
-0.102662693,95.882139,21.93283,295.753287,-5.882139,0.994734813,-0.10248245
0.24189602,76.140379,18.279955,295.756308,13.859621,0.97088554,0.239543874
-0.091703735,95.254237,33.597672,295.875243,-5.254237,0.995798158,-0.091575258
-0.357609691,110.489526,21.859748,295.878171,-20.489526,0.936736194,-0.350036146
0.12503633,82.835946,19.024328,295.881088,7.164054,0.992193137,0.12471078
2.839374477,-72.684174,6.887485,296.00022,162.684174,-0.954678623,0.297638583
2.767941101,-68.591343,4.903785,296.003171,158.591343,-0.931000675,0.365017456
2.157047902,-33.589741,14.025656,296.006088,123.589741,-0.553242403,0.833020314
0.065769853,86.231665,23.889711,296.125197,3.768335,0.997837943,0.065722447
-0.014744419,90.844793,34.820169,296.128125,-0.844793,0.999891303,-0.014743885
0.784217762,45.067632,23.052012,296.131053,44.932368,0.707940958,0.706271619
0.762463682,46.314049,33.084929,296.25022,43.685951,0.723136529,0.690705118
0.634319479,53.656171,33.307297,296.253299,36.343829,0.80547518,0.592629509
0.590293339,56.178683,34.428173,296.256343,33.821317,0.830777441,0.556604746
-0.683790051,129.178284,8.247407,296.37522,-39.178284,0.775183982,-0.631735541
4.520422014,-169.001103,5.276055,296.37816,259.001103,-0.190790098,-0.981630857
-0.584536388,123.491468,3.989035,296.381088,-33.491468,0.833968003,-0.551812804
1.764946177,-11.123967,18.250574,296.50022,101.123967,-0.192932427,0.981212046
1.319638334,14.390293,12.737868,296.503183,75.609707,0.248525787,0.96862528
1.634725591,-3.662877,16.817602,296.5061,93.662877,-0.063885727,0.99795722
0.118601737,83.204621,36.118795,296.62522,6.795379,0.992975054,0.118323884
0.20217456,78.416251,39.995994,296.628125,11.583749,0.979632243,0.200800073
1.82871391,-14.777589,19.926196,296.631053,104.777589,-0.25506757,0.966923231
0.141524037,81.89127,33.698508,296.750208,8.10873,0.990002177,0.141052077
0.598693434,55.697393,29.257404,296.753322,34.302607,0.826072653,0.563563636
0.208858228,78.033305,42.955603,296.756296,11.966695,0.978268291,0.207343076
1.254933603,18.097601,28.531718,296.875231,71.902399,0.310636631,0.950528739
0.582437926,56.628765,33.140227,296.878148,33.371235,0.835124124,0.55006154
0.027418058,88.429061,35.255172,296.881076,1.570939,0.999624149,0.027414623
1.563597105,0.412485,4.317416,297.00022,89.587515,0.007199159,0.999974086
-0.013362904,90.765638,10.011473,297.003194,-0.765638,0.999910718,-0.013362506
0.186212023,79.330837,6.620157,297.006134,10.669163,0.982712581,0.185137739
-0.002727967,90.156301,20.460376,297.12522,-0.156301,0.999996279,-0.002727964
-0.045266336,92.59357,23.130456,297.128137,-2.59357,0.998975654,-0.045250879
-0.178597448,100.23288,28.851968,297.131076,-10.23288,0.984093823,-0.177649506
3.414923816,-105.660722,35.516727,297.25022,195.660722,-0.962877025,-0.269940428
2.680725706,-63.594269,43.816057,297.253299,153.594269,-0.895667281,0.44472477
1.959078067,-22.246905,20.820597,297.256296,112.246905,-0.378598621,0.925560956
2.892478755,-75.726825,26.663076,297.37522,165.726825,-0.969131266,0.246545307
2.789493491,-69.826204,22.692325,297.378148,159.826204,-0.938650845,0.344868947
3.234037927,-95.296724,20.111284,297.381111,185.296724,-0.995729978,-0.092313655
3.562377277,-114.109183,37.215923,297.500208,204.109183,-0.912768721,-0.408476758
3.437917132,-106.978142,51.729459,297.503148,196.978142,-0.956416224,-0.292006859
3.422309456,-106.083888,38.692213,297.5061,196.083888,-0.960857099,-0.277044464
3.077004196,-86.299354,12.264039,297.62522,176.299354,-0.997914891,0.06454356
3.514264518,-111.352525,17.821645,297.62816,201.352525,-0.931357831,-0.364105191
3.491884353,-110.070236,10.028811,297.631123,200.070236,-0.93927265,-0.343171808
3.415002443,-105.665227,33.669442,297.750197,195.665227,-0.962855797,-0.270016135
3.368863791,-103.021677,32.537746,297.75338,193.021677,-0.974284888,-0.225319677
3.326174434,-100.575757,35.257709,297.75647,190.575757,-0.983013095,-0.183535434
2.116786158,-31.282913,29.048632,297.875208,121.282913,-0.519264268,0.854613725
3.401561331,-104.895108,25.052061,297.878218,194.895108,-0.96639803,-0.257050282
2.38587741,-46.700706,9.017502,297.881192,136.700706,-0.727781208,0.685809385
3.03445834,-83.861656,11.827755,298.00044,173.861656,-0.994266606,0.106929487
0.997604073,32.841497,32.235189,298.003032,57.158503,0.542316856,0.840174046
2.198258582,-35.950939,33.577402,298.00559,125.950939,-0.587092295,0.809520004