2.779864754,-69.274518,39.405222,270.00044,159.274518,-0.935286732,0.353890843
-0.083050725,94.758456,82.545996,270.002986,-4.758456,0.99655327,-0.082955285
0.152760501,81.247468,71.208543,270.005509,8.752532,0.988354787,0.152167063
2.865802427,-74.198384,38.409642,270.125451,164.198384,-0.962210314,0.272307386
2.621338557,-60.191636,40.344897,270.128021,150.191636,-0.867692896,0.497100632
2.676391617,-63.345944,44.463187,270.130544,153.345944,-0.893731398,0.448602483
-1.557346785,179.229398,5.493614,270.250451,-89.229398,0.013449137,-0.999909556
-1.457464978,173.506592,5.801195,270.253102,-83.506592,0.1130889,-0.993584873
4.397435171,-161.954476,7.310095,270.255776,251.954476,-0.309772553,-0.950810689
2.50792975,-53.69379,40.359175,270.375451,143.69379,-0.805864112,0.592100526
2.662434027,-62.546233,34.213899,270.378021,152.546233,-0.887383138,0.461032718
1.545928788,1.424805,32.532927,270.380544,88.575195,0.024864976,0.999690819
3.048902423,-84.689241,86.292255,270.500475,174.689241,-0.995707335,0.092557563
-0.409357097,113.454434,87.871218,270.503125,-23.454434,0.9173769,-0.398019626
0.358421426,69.463965,61.642431,270.505776,20.536035,0.936451748,0.350796413
2.844734802,-72.991298,75.889851,270.625451,162.991298,-0.95626034,0.292516944
-0.044921127,92.573791,84.108632,270.627986,-2.573791,0.998991216,-0.044906021
-0.051566032,92.954516,60.769519,270.630521,-2.954516,0.998670767,-0.051543182
-0.100073881,95.733811,50.619824,270.750451,-5.733811,0.994996787,-0.099906928
-0.096453527,95.52638,42.8094,270.753067,-5.52638,0.995351964,-0.096304041
0.257171159,75.265178,53.016763,270.755648,14.734822,0.967113351,0.254345763
0.135110737,82.258725,38.979518,270.875463,7.741275,0.990886421,0.13470004
-0.182227628,100.440874,35.087723,270.877986,-10.440874,0.983442441,-0.181220765
-0.016081359,90.921394,35.846698,270.880509,-0.921394,0.999870698,-0.016080666
3.581963501,-115.231391,24.461605,271.000463,205.231391,-0.904593642,-0.426274961
3.656262988,-119.488438,25.112022,271.003113,209.488438,-0.870455047,-0.492247917
3.553526869,-113.602092,29.895574,271.005752,203.602092,-0.916348111,-0.400382491
0.480746963,62.455228,6.27696,271.125451,27.544772,0.886649743,0.462441599
0.378287305,68.325734,3.106702,271.127963,21.674266,0.929298547,0.369329407
-0.958914993,144.941782,4.417157,271.130498,-54.941782,0.574408477,-0.818568813
0.602153881,55.499124,34.107477,271.250451,34.500876,0.824117529,0.566418837
0.23355565,76.618247,40.076661,271.253113,13.381753,0.972849634,0.231438092
0.196671414,78.731558,31.987028,271.255752,11.268442,0.980722435,0.195406001
0.004692579,89.731135,27.071793,271.375463,0.268865,0.99998899,0.004692562
-0.281336848,106.119414,25.145308,271.378021,-16.119414,0.960685134,-0.277640186
0.040889993,87.657176,27.877335,271.380532,2.342824,0.999164121,0.040878599
3.719177622,-123.093181,21.833582,271.500451,213.093181,-0.837783704,-0.546002257
3.531983276,-112.367735,24.996269,271.503125,202.367735,-0.924760479,-0.380549676
3.773657516,-126.214649,19.212112,271.505776,216.214649,-0.806809284,-0.590811967
0.194304067,78.867197,24.268974,271.625463,11.132803,0.98118228,0.193083745
0.127376694,82.701853,31.985447,271.628009,7.298147,0.991898551,0.12703253
0.72276067,48.588864,23.716876,271.630544,41.411136,0.749982523,0.661457644
-0.221044239,102.664902,41.649481,271.750463,-12.664902,0.975669033,-0.219248574
-0.214483285,102.288987,37.095784,271.753102,-12.288987,0.977086504,-0.212842581
0.032723964,88.125055,44.93477,271.755729,1.874945,0.999464619,0.032718123
-0.035990208,92.062087,30.23565,271.875463,-2.062087,0.999352422,-0.035982438
-0.159428218,99.134564,36.264161,271.877974,-9.134564,0.987318217,-0.158753701
-0.256519924,104.697509,33.169203,271.880498,-14.697509,0.967278784,-0.253715891
2.417218374,-48.496411,41.715251,272.000451,138.496411,-0.748914213,0.662666961
2.476996442,-51.921442,42.367359,272.003113,141.921442,-0.787165882,0.616741334
2.614199061,-59.782573,38.461004,272.005752,149.782573,-0.864121764,0.5032828
-0.423458904,114.262408,19.881792,272.125451,-24.262408,0.911673077,-0.410916295
-0.661272441,127.88812,22.041109,272.127974,-37.88812,0.789211437,-0.614121574
-0.676061018,128.735443,16.447089,272.130532,-38.735443,0.780043485,-0.625725309
0.168459808,80.347964,36.522384,272.250463,9.652036,0.985844171,0.167664159
0.129499364,82.580233,31.099971,272.253021,7.419767,0.991626669,0.129137715
0.675723366,51.283903,30.125633,272.25559,38.716097,0.780254717,0.62546189
2.843030698,-72.89366,19.279733,272.375451,162.89366,-0.955760472,0.294146086
3.265430309,-97.095375,12.708865,272.377986,187.095375,-0.992341912,-0.123521374
2.556398172,-56.470826,40.071676,272.380521,146.470826,-0.833604677,0.552361514
3.31541345,-99.959198,35.642216,272.500451,189.959198,-0.984931163,-0.172946823
3.545126408,-113.120781,38.617441,272.502986,203.120781,-0.919679137,-0.392670707
3.369966857,-103.084878,47.501733,272.505532,193.084878,-0.974035753,-0.226394239
2.815019699,-71.288748,48.572602,272.625451,161.288748,-0.947147296,0.320799002
3.139032308,-89.853303,46.635771,272.627963,179.853303,-0.999996722,0.002560343
-0.172914167,99.907252,70.812565,272.630532,-9.907252,0.985087557,-0.172053785
-0.625300001,125.827051,26.384995,272.750463,-35.827051,0.810787553,-0.585340537
-0.851291359,138.775402,17.30104,272.753032,-48.775402,0.659012423,-0.752132054
-0.854528735,138.96089,19.534361,272.755544,-48.96089,0.65657404,-0.75426158
0.116313838,83.335708,7.056861,272.875451,6.664292,0.993243168,0.116051749
-0.03642935,92.087248,8.410341,272.878009,-2.087248,0.999336525,-0.036421293
0.221971358,77.281978,9.671933,272.880567,12.718022,0.975465345,0.220153041
3.263479642,-96.98361,84.051857,273.000498,186.98361,-0.992580973,-0.121585411
-0.052458314,93.00564,69.052367,273.00331,-3.00564,0.998624378,-0.052434258
-0.331287787,108.981392,75.618948,273.006018,-18.981392,0.945624261,-0.32526106
-0.308715915,107.688119,80.439043,273.125451,-17.688119,0.952724506,-0.303835508
3.106890726,-88.011726,60.042845,273.128044,178.011726,-0.999397949,0.034694963
2.817020963,-71.403412,39.506191,273.130567,161.403412,-0.947787403,0.318902869
1.434859491,7.788607,8.240018,273.250451,82.211393,0.135518564,0.990774807
2.735195355,-66.71515,5.833747,273.25309,156.71515,-0.918550938,0.395302636
0.769993922,45.882598,2.414011,273.255752,44.117402,0.7179149,0.696130875
-0.132627395,97.59899,36.662719,273.375463,-7.59899,0.991217871,-0.132238917
-0.225367961,102.912633,30.823088,273.377986,-12.912633,0.974711947,-0.223465033
-0.128929723,97.387129,34.584436,273.380509,-7.387129,0.99170007,-0.128572823
3.276985506,-97.757439,30.475119,273.500463,187.757439,-0.990848381,-0.134979578
3.148769831,-90.411222,29.136419,273.503102,180.411222,-0.999974244,-0.007177116
3.446692543,-107.480936,33.275032,273.505729,197.480936,-0.953816952,-0.300388453
3.208708976,-93.845482,27.504813,273.625463,183.845482,-0.997748545,-0.067065945
3.309851295,-99.64051,37.689006,273.627998,189.64051,-0.98587788,-0.167465837
3.110341922,-88.209465,24.263212,273.630556,178.209465,-0.999511736,0.031245645
-1.228192349,160.370238,5.69008,273.750463,-70.370238,0.335940871,-0.941883077
-0.83320994,137.739413,4.224599,273.753125,-47.739413,0.672503572,-0.740093876
-1.26738431,162.615772,8.031903,273.755776,-72.615772,0.298778104,-0.95432261
-0.514960146,119.505043,52.292052,273.875451,-29.505043,0.870312351,-0.492500164
2.547509245,-55.961528,88.239945,273.878021,145.961528,-0.828661908,0.559749445
-0.340687554,109.519959,47.682456,273.880521,-19.519959,0.942525152,-0.334135208
-0.60637845,124.742926,22.879388,274.000463,-34.742926,0.821717306,-0.569895314
-0.634376324,126.347086,26.896356,274.003113,-36.347086,0.80544149,-0.592675295
-0.344534784,109.740389,36.302988,274.005729,-19.740389,0.941232685,-0.337758837
3.312335125,-99.782823,32.338741,274.125463,189.782823,-0.985458882,-0.169914071
3.616288595,-117.198074,30.76166,274.128044,207.198074,-0.889431738,-0.457068029
3.640869079,-118.606432,33.30443,274.13059,208.606432,-0.877929232,-0.478790417
-0.466946296,116.754052,26.018669,274.250451,-26.754052,0.89294711,-0.450161592
-0.425193203,114.361776,25.424132,274.253125,-24.361776,0.910959054,-0.412496789
-0.511736366,119.320334,27.084298,274.255764,-29.320334,0.871895538,-0.489691914
2.046441186,-27.252443,20.473277,274.375463,117.252443,-0.457911821,0.888997618
2.561485475,-56.762307,14.3461,274.378009,146.762307,-0.836403909,0.548113585
2.296651221,-41.588422,26.798383,274.380521,131.588422,-0.663775088,0.747932238
-1.222030621,160.017197,1.638869,274.500451,-70.017197,0.341738085,-0.939795234
3.317714474,-100.091037,5.541027,274.503102,190.091037,-0.984530601,-0.175212714
-0.049830546,92.85508,5.873036,274.505741,-2.85508,0.998758715,-0.049809927
3.288980927,-98.444726,26.980284,274.625463,188.444726,-0.989157997,-0.146855226
3.566136873,-114.324592,28.195272,274.628021,204.324592,-0.911226566,-0.411905505
3.333633029,-101.003103,26.26609,274.630556,191.003103,-0.981616848,-0.190862158
0.143372707,81.785349,6.263119,274.750451,8.214651,0.989739727,0.142882023
-0.974699733,145.846181,52.882376,274.753125,-55.846181,0.56141656,-0.827533351
0.474139059,62.833833,5.723755,274.755776,27.166167,0.889686133,0.456572649
-0.267036196,105.300047,60.392498,274.875463,-15.300047,0.964557202,-0.263873841
0.15629968,81.044688,41.811127,274.877986,8.955312,0.987810052,0.155664067
0.112460657,83.556479,42.656918,274.880567,6.443521,0.993682962,0.112223751
-0.354208219,110.294636,5.009702,275.000463,-20.294636,0.93792141,-0.346847845
0.442262226,64.660241,9.911575,275.003113,25.339759,0.903785778,0.427985126
-0.040909732,92.343955,4.957078,275.005764,-2.343955,0.999163314,-0.040898322
-0.641237842,126.740222,4.637598,275.125463,-36.740222,0.80135591,-0.598187851
-1.422073226,171.478794,3.773873,275.128032,-81.478794,0.14817545,-0.988961089
2.142374413,-32.749012,4.331918,275.130613,122.749012,-0.540959969,0.841048341
0.174159529,80.021394,84.799466,275.250451,9.978606,0.984872524,0.173280443
0.346632827,70.139402,37.303342,275.253137,19.860598,0.940521982,0.339732839
0.125303156,82.820658,40.789634,275.255776,7.179342,0.992159826,0.124975518
0.488796142,61.994044,21.691836,275.375451,28.005956,0.882898786,0.469563344
0.514479343,60.522505,33.101401,275.377986,29.477495,0.870549046,0.492081658
0.561055985,57.85386,23.573785,275.380486,32.14614,0.846693714,0.53208059
3.063137887,-85.504873,10.180158,275.500451,175.504873,-0.996924003,0.078374308
3.312297775,-99.780683,13.896662,275.503102,189.780683,-0.985465228,-0.169877264
3.032422152,-83.744991,11.806339,275.505741,173.744991,-0.994046817,0.108953778
3.427546037,-106.383922,22.798806,275.625463,196.383922,-0.959393166,-0.282072249
3.859105101,-131.110435,19.524278,275.627998,221.110435,-0.753443655,-0.657512478
4.182743529,-149.653551,18.192739,275.630509,239.653551,-0.505227402,-0.862986252
-0.621152558,125.58942,23.357244,275.750463,-35.58942,0.81320824,-0.581972816
-0.221496454,102.690812,35.334309,275.75316,-12.690812,0.975569786,-0.219689764
0.026930151,88.457016,33.060124,275.75581,1.542984,0.999637405,0.026926896
0.689139834,50.515196,28.910288,275.875486,39.484804,0.771793257,0.635873547
-0.482949516,117.670969,46.687954,275.878067,-27.670969,0.885629041,-0.464393369
0.16418712,80.592771,30.111444,275.880579,9.407229,0.986551547,0.163450437
0.273931259,74.304895,35.690288,276.000463,15.695105,0.962714861,0.270518199
0.332116888,70.971104,38.27974,276.003125,19.028896,0.945354261,0.326044967
-0.189975424,100.88479,30.79725,276.005764,-10.88479,0.982008876,-0.188834761
2.918409915,-77.212571,30.482069,276.125451,167.212571,-0.97519794,0.221334539
2.783496173,-69.482583,36.119889,276.127998,159.482583,-0.936565689,0.350492098
2.685879873,-63.889581,36.864071,276.130521,153.889581,-0.89794756,0.440102465
3.303495434,-99.276346,26.293733,276.250463,189.276346,-0.986922349,-0.161196394
3.671276013,-120.348621,21.987374,276.253102,210.348621,-0.862967099,-0.505260117
3.703647525,-122.203372,28.263945,276.255729,212.203372,-0.846161804,-0.532926076
-0.394018394,112.575591,7.299453,276.375451,-22.575591,0.92337385,-0.383901984
-0.689802152,129.522752,6.622087,276.378009,-39.522752,0.771371938,-0.63638458
-0.320602916,108.369194,6.918503,276.380509,-18.369194,0.949045588,-0.315138813
2.646007844,-61.605082,44.963962,276.500451,151.605082,-0.879690756,0.475546184
2.88929222,-75.54425,39.220572,276.503148,165.54425,-0.968340722,0.249632221
3.133053142,-89.510722,27.731882,276.505799,179.510722,-0.999963539,0.008539408
3.572688368,-114.699965,20.118307,276.625451,204.699965,-0.908508433,-0.417866519
3.604395764,-116.516665,22.143574,276.627998,206.516665,-0.894804543,-0.446458094
3.598646824,-116.187275,31.225031,276.630556,206.187275,-0.897356403,-0.441306567
-0.023212687,91.329989,81.462718,276.75044,-1.329989,0.999730598,-0.023210603
-0.110632791,96.338792,76.511514,276.753079,-6.338792,0.993886432,-0.110407245
3.103319992,-87.807138,27.719094,276.755764,177.807138,-0.999267691,0.038263319
3.385231419,-103.959473,28.952266,276.875451,193.959473,-0.970466602,-0.241235516
3.59241099,-115.829988,33.045029,276.877974,205.829988,-0.900090853,-0.435702257
3.483908565,-109.613257,30.06176,276.880498,199.613257,-0.941979811,-0.335669532
0.016273432,89.067601,70.323371,277.000451,0.932399,0.999867591,0.016272714
3.100575671,-87.6499,44.67989,277.003125,177.6499,-0.999158921,0.041005483
-0.006989956,90.400495,63.347289,277.005764,-0.400495,0.99997557,-0.006989899
3.486017935,-109.734115,30.635517,277.125451,199.734115,-0.941269665,-0.337655768
3.577936957,-115.000687,28.261314,277.128009,205.000687,-0.90630272,-0.422629129
3.755965044,-125.200945,28.053598,277.130532,215.200945,-0.817135391,-0.576445794
0.911885089,37.752833,34.951033,277.250451,52.247167,0.612256375,0.790659302
3.407830379,-105.254298,14.363712,277.253125,195.254298,-0.96476759,-0.263103587
3.680043832,-120.85098,4.552197,277.255799,210.85098,-0.858503957,-0.512806938
3.290180352,-98.513448,9.438248,277.375451,188.513448,-0.988981143,-0.148041541
3.307311579,-99.494995,4.269718,277.377974,189.494995,-0.986300015,-0.16496145
3.726885345,-123.534801,2.323991,277.380509,213.534801,-0.833550426,-0.552443379
2.289258426,-41.164846,5.277271,277.50044,131.164846,-0.65822769,0.752818908
3.201078798,-93.408305,5.48239,277.503079,183.408305,-0.998231221,-0.059451067
2.134301375,-32.286461,8.559914,277.505694,122.286461,-0.534152599,0.845388077
-1.076699654,151.690346,4.79508,277.625451,-61.690346,0.474236558,-0.88039746
-0.610035544,124.952462,3.810084,277.627963,-34.952462,0.819627656,-0.572896593
-0.031962546,91.831319,8.833241,277.630486,-1.831319,0.999489241,-0.031957104
0.865689784,40.399629,27.565651,277.750451,49.600371,0.64811497,0.761542504
3.798645343,-127.646346,14.854674,277.753102,217.646346,-0.791795844,-0.61078584
4.711558692,-179.952428,12.884991,277.755729,269.952428,-0.000830288,-0.999999655
-0.98239482,146.287077,17.022303,277.875451,-56.287077,0.55503206,-0.831828956
-1.340396826,166.799081,12.916066,277.877998,-76.799081,0.228366486,-0.97357524
-1.262432916,162.332078,10.735439,277.880521,-72.332078,0.30349965,-0.95283155
2.457751656,-50.818797,89.970785,278.000451,140.818797,-0.775151797,0.631775033
0.992256227,33.147906,6.682472,278.003102,56.852094,0.546802201,0.837261818
-0.126920308,97.271998,11.729924,278.005729,-7.271998,0.991956424,-0.126579828
4.552354104,-170.830677,6.237184,278.125451,260.830677,-0.159352638,-0.987221726
-1.537993789,178.120553,4.22867,278.127974,-88.120553,0.032796656,-0.999462045
-1.390390316,169.663497,5.443182,278.130486,-79.663497,0.17942901,-0.983770924
2.413001851,-48.254822,14.232329,278.250463,138.254822,-0.746113413,0.665818876
2.107775826,-30.766659,24.284063,278.253102,120.766659,-0.511542941,0.859257714
2.707501483,-65.128408,18.087176,278.255764,155.128408,-0.907252658,0.420586037
3.113504669,-88.390677,17.673458,278.375463,178.390677,-0.999605558,0.028084292
3.60375858,-116.480157,16.809806,278.377974,206.480157,-0.895088838,-0.445887848
3.638408409,-118.465446,20.132804,278.380544,208.465446,-0.879104718,-0.476628676
4.458564072,-165.456904,10.954233,278.500498,255.456904,-0.251108142,-0.967959039
4.222799045,-151.948563,8.103666,278.503218,241.948563,-0.470264035,-0.882525771
4.011318372,-139.831613,7.013393,278.505741,229.831613,-0.645036164,-0.764152044
-0.074298841,94.25701,17.164977,278.625451,-4.25701,0.997241111,-0.074230501
-0.174776416,100.013951,21.153653,278.627998,-10.013951,0.984765442,-0.173887964
-0.103948861,95.955831,26.153632,278.630509,-5.955831,0.99460218,-0.103761761
3.247584981,-96.072913,19.187223,278.750451,186.072913,-0.99438807,-0.105793979
2.97197838,-80.281818,14.017908,278.75309,170.281818,-0.985649952,0.16880217
3.328840931,-100.728536,20.037593,278.755752,190.728536,-0.982520204,-0.18615598
4.101623802,-145.005733,13.595815,278.875451,235.005733,-0.573494469,-0.819209432
4.331114004,-158.154553,14.291236,278.878021,248.154553,-0.372104193,-0.928190966
3.571869006,-114.653019,19.152078,278.880579,204.653019,-0.908850512,-0.417121981
1.002578732,32.55647,7.220714,279.00044,57.44353,0.538130583,0.842861481
-0.843977155,138.356329,37.278417,279.003102,-48.356329,0.664495993,-0.747291827
0.150380343,81.383841,6.278,279.005764,8.616159,0.988714169,0.149814194
0.031282706,88.207633,44.091013,279.12544,1.792367,0.999510736,0.031277604
-0.019454696,91.114672,32.054251,279.127963,-1.114672,0.999810763,-0.019453469
-0.044178978,92.531269,34.963801,279.130486,-2.531269,0.999024268,-0.044164608
0.421757679,65.835065,36.754298,279.250498,24.164935,0.912370818,0.40936474
0.39138073,67.575536,33.322768,279.253206,22.424464,0.924383241,0.381465102
2.560054916,-56.680342,70.212212,279.255729,146.680342,-0.835618944,0.549309549
2.819315391,-71.534873,39.165365,279.375498,161.534873,-0.948516607,0.316727402
3.260182104,-96.794675,35.571444,279.378079,186.794675,-0.992976508,-0.118311683
3.339696233,-101.350499,38.227867,279.380648,191.350499,-0.980441576,-0.196810356
0.097464299,84.415707,34.042312,279.500451,5.584293,0.995254114,0.097310066
-0.363366625,110.819374,34.099024,279.503113,-20.819374,0.934705547,-0.355423044
-0.022010539,91.261111,39.133908,279.505752,-1.261111,0.999757778,-0.022008762
3.077462537,-86.325615,9.104034,279.625463,176.325615,-0.997944369,0.064086168
3.418709958,-105.877652,12.958874,279.627998,195.877652,-0.961848093,-0.273584074
3.466024403,-108.58857,6.768253,279.630521,198.58857,-0.947832021,-0.318770232
0.294567613,73.122519,33.299828,279.750451,16.877481,0.956927765,0.290326114
0.116997989,83.296509,28.431345,279.75309,6.703491,0.993163539,0.11673125
0.273757546,74.314848,21.106595,279.755718,15.685152,0.962761839,0.270350959
2.141814773,-32.716947,33.883594,279.875463,122.716947,-0.5404892,0.841350952
2.203026228,-36.224105,36.924923,279.878032,126.224105,-0.590945113,0.806711766
2.358996494,-45.160543,41.27779,279.880544,135.160543,-0.709085319,0.705122692
-1.117754109,154.042593,48.306764,280.000451,-64.042593,0.437702873,-0.899119678
-0.271537033,105.557926,25.265221,280.003102,-15.557926,0.963359783,-0.268212469
-0.347207284,109.893512,26.904356,280.005752,-19.893512,0.940326665,-0.340273073
-0.07499418,94.29685,35.643695,280.125451,-4.29685,0.997189254,-0.074923904
-0.151774251,98.696024,28.992105,280.127974,-8.696024,0.988504381,-0.151192224
-0.098467375,95.641765,34.277826,280.130498,-5.641765,0.995156004,-0.098308332
-0.50147959,118.732664,26.194324,280.25044,-28.732664,0.876872248,-0.480723475
0.147793364,81.532064,28.081631,280.253102,8.467936,0.989098426,0.147255913
-0.250915515,104.3764,29.340722,280.255729,-14.3764,0.968685514,-0.248290909
3.205888157,-93.683861,34.91162,280.375463,183.683861,-0.997933756,-0.064251214
3.388511835,-104.147427,20.500483,280.378021,194.147427,-0.969670029,-0.244417747
3.558330766,-113.877335,20.640306,280.380579,203.877335,-0.914414149,-0.404779896
-0.211513171,102.118812,6.905039,280.500451,-12.118812,0.97771436,-0.209939588
-0.306442187,107.557844,5.088906,280.503113,-17.557844,0.953412882,-0.301668488
-0.35121182,110.122955,3.4341,280.505741,-20.122955,0.938956493,-0.344035906
-0.013163081,90.754189,44.210791,280.625451,-0.754189,0.999913368,-0.013162701
-0.021333002,91.222291,40.789259,280.627986,-1.222291,0.99977246,-0.021331384
0.23167792,76.725833,40.459544,280.630509,13.274167,0.973282497,0.229610936
0.319677089,71.683852,40.217172,280.750451,18.316148,0.949336946,0.314260026
0.30907842,72.291111,38.012296,280.753102,17.708889,0.952614301,0.304180855
0.399735307,67.096854,35.733895,280.755752,22.903146,0.921164038,0.38917453
3.155505214,-90.797131,23.589223,280.87544,180.797131,-0.999903222,-0.013912112
3.148247891,-90.381317,25.459055,280.877998,180.381317,-0.999977854,-0.006655188
3.192213066,-92.900336,32.150005,280.880532,182.900336,-0.99871906,-0.050598797
-0.563617639,122.292912,22.134407,281.00044,-32.292912,0.845327931,-0.534247779
0.49807803,61.462231,31.040101,281.003079,28.537769,0.878502382,0.477737967
-0.280499177,106.071419,25.116012,281.005718,-16.071419,0.960917368,-0.276835351
-0.337560692,109.340803,26.489468,281.125451,-19.340803,0.943565338,-0.331186434
-0.402572863,113.065726,27.350184,281.127986,-23.065726,0.920056027,-0.391786815
-0.38975431,112.331277,23.970477,281.130567,-22.331277,0.92500244,-0.379961163
-0.475887233,117.26633,24.687362,281.25044,-27.26633,0.888886606,-0.458127277
-0.685913576,129.299953,18.293748,281.25309,-39.299953,0.773840729,-0.633380238
-0.588262858,123.704979,24.667711,281.255729,-33.704979,0.831905903,-0.554916722
3.6418654,-118.663517,34.504031,281.37544,208.663517,-0.877451767,-0.479664879
3.69562491,-121.74371,32.943238,281.377951,211.74371,-0.850409988,-0.526120568
3.642376555,-118.692804,35.588337,281.380486,208.692804,-0.87720647,-0.480113329
-0.202418766,101.597741,3.311104,281.500451,-11.597741,0.979583177,-0.201039299
4.604298558,-173.806875,5.095015,281.503102,263.806875,-0.107880065,-0.994163916
-1.071707699,151.404328,7.523287,281.505752,-61.404328,0.478625536,-0.878019132
4.66204508,-177.115507,4.501293,281.62544,267.115507,-0.050322637,-0.998733013
4.543582672,-170.328111,6.875266,281.627974,260.328111,-0.168005744,-0.985786016
-1.25365864,161.829349,7.307988,281.630544,-71.829349,0.311848267,-0.950131916
-0.069930002,94.006694,29.967744,281.750428,-4.006694,0.997555894,-0.069873021
0.242956045,76.079644,35.478579,281.75309,13.920356,0.970631072,0.240572903
0.138007984,82.092725,27.450167,281.755741,7.907275,0.990492004,0.137570313
3.063912464,-85.549253,27.044026,281.875451,175.549253,-0.996984411,0.07760209
3.016089814,-82.809217,29.570141,281.877963,172.809217,-0.99213485,0.125173633
3.072952484,-86.067208,30.428072,281.880532,176.067208,-0.997645188,0.068586283
-0.435987872,114.980265,11.564284,282.000463,-24.980265,0.9064533,-0.422306067
-0.449723317,115.767248,13.330524,282.00309,-25.767248,0.900567416,-0.434716379
-0.343157213,109.66146,14.56519,282.005741,-19.66146,0.941697079,-0.336461902
0.029577275,88.305347,28.781276,282.12544,1.694653,0.999562624,0.029572962
-0.03384272,91.939045,28.625231,282.127951,-1.939045,0.99942739,-0.03383626
0.083547882,85.213059,9.36677,282.130463,4.786941,0.996511905,0.083450718
-0.598239387,124.276592,8.533125,282.250463,-34.276592,0.826328452,-0.563188502
-0.719573996,131.228553,6.008499,282.253148,-41.228553,0.752086562,-0.65906434
-0.028761752,91.647927,8.699363,282.255787,-1.647927,0.999586409,-0.028757787
3.457604254,-108.106131,10.715921,282.375475,198.106131,-0.950482482,-0.310778139
3.82400173,-129.09916,9.067558,282.377986,219.09916,-0.776055653,-0.63066443
3.448104375,-107.561828,7.961464,282.380556,197.561828,-0.953391903,-0.301734782
3.32944012,-100.762867,29.494607,282.500451,190.762867,-0.982408485,-0.186744662
3.463807678,-108.461561,20.363141,282.50309,198.461561,-0.948536317,-0.316668367
3.284855719,-98.208369,9.394034,282.505741,188.208369,-0.989755387,-0.142773505
0.148645085,81.483264,41.241487,282.625463,8.516736,0.988972646,0.148098295
0.09715466,84.433448,42.443548,282.627974,5.566552,0.995284197,0.097001892
0.187157066,79.27669,41.337265,282.630498,10.72331,0.982537179,0.186066363
0.224077831,77.161286,34.789748,282.750451,12.838714,0.974999434,0.222207343
-0.036894655,92.113908,27.268371,282.753113,-2.113908,0.999319469,-0.036886285
0.004277226,89.754933,38.446181,282.755776,0.245067,0.999990853,0.004277213
4.335020155,-158.378359,2.220047,282.875486,248.378359,-0.368475709,-0.929637376
3.607809925,-116.712282,9.141353,282.878056,206.712282,-0.893275051,-0.449510493
3.880162289,-132.316923,6.90339,282.880567,222.316923,-0.73943228,-0.673230943
3.556427886,-113.768308,5.045197,283.00044,203.768308,-0.915182741,-0.403039143
2.014433192,-25.41852,4.909359,283.00309,115.41852,-0.429227101,0.903196599
2.630450066,-60.713687,2.37768,283.005752,150.713687,-0.872186153,0.489174115
-0.305808266,107.521523,37.463774,283.125451,-17.521523,0.953603924,-0.301064039
-0.054964781,93.14925,40.846566,283.127986,-3.14925,0.998489817,-0.05493711
-0.056024598,93.209973,41.449382,283.130509,-3.209973,0.998431033,-0.055995294
0.308711831,72.312115,36.652914,283.250463,17.687885,0.952725747,0.303831617
0.437382233,64.939844,31.420923,283.253137,25.060156,0.905863572,0.42356958
0.264126645,74.866658,42.342102,283.255787,15.133342,0.965320873,0.2610663
-0.122965671,97.045414,76.503726,283.37544,-7.045414,0.992449243,-0.122656021
3.074520698,-86.15706,70.905153,283.377963,176.15706,-0.997751519,0.067021678
-0.013440885,90.770106,76.408293,283.380474,-0.770106,0.999909673,-0.013440481
0.129985281,82.552392,83.064342,283.500463,7.447608,0.991563802,0.129619548
0.016224441,89.070408,65.591664,283.503137,0.929592,0.999868387,0.016223729
3.193307615,-92.963049,89.398316,283.505776,182.963049,-0.998663079,-0.051691913
-0.167084296,99.573225,13.982407,283.625486,-9.573225,0.986073862,-0.166307961
-0.484097716,117.736756,16.006109,283.628102,-27.736756,0.885095241,-0.465409942
-0.463938989,116.581746,18.348353,283.630613,-26.581746,0.894296844,-0.447474194
-0.14492584,98.303639,38.904253,283.750463,-8.303639,0.989516619,-0.144419048
0.391958713,67.54242,28.636897,283.753125,22.45758,0.924162606,0.381999316
-0.570091799,122.663854,46.721709,283.755776,-32.663854,0.841851434,-0.539709332
-0.239255109,103.708308,25.278405,283.87544,-13.708308,0.971514768,-0.23697902
0.168497646,80.345796,30.675765,283.878009,9.654204,0.985837826,0.167701462
-0.088204193,95.053728,28.137438,283.880567,-5.053728,0.996112532,-0.088089866
3.97532874,-137.769559,18.031474,284.000463,227.769559,-0.672114081,-0.74044761
3.927902612,-135.052242,19.146383,284.003137,225.052242,-0.706461751,-0.707751224
3.889279558,-132.839304,24.514001,284.00581,222.839304,-0.733263606,-0.679944471
4.313937381,-157.170405,19.662436,284.125451,247.170405,-0.387991705,-0.921662865
4.581092643,-172.477274,8.805383,284.128021,262.477274,-0.130919432,-0.991393011
3.733950961,-123.939631,2.475549,284.130544,213.939631,-0.829626299,-0.558319088
0.837787938,41.998287,23.771955,284.250475,48.001713,0.669108388,0.74316483
2.564425342,-56.930749,15.251488,284.253206,146.930749,-0.838011673,0.545652303
3.147416835,-90.333701,16.482943,284.255856,180.333701,-0.99998304,-0.005824148
3.97357465,-137.669057,22.472507,284.375498,227.669057,-0.673411858,-0.739267522
3.966741267,-137.277533,16.500159,284.378044,227.277533,-0.678447795,-0.734648617
3.818795204,-128.800848,11.057918,284.38059,218.800848,-0.779328691,-0.626615346
0.62303151,54.302924,35.93078,284.500498,35.697076,0.812113306,0.583499767
3.603096716,-116.442235,31.994247,284.503264,206.442235,-0.895383759,-0.445295323
3.798799228,-127.655163,31.548291,284.505799,217.655163,-0.791701843,-0.610907678
-0.738229803,132.297452,34.838092,284.625486,-42.297452,0.739661024,-0.672979621
3.91670348,-134.410579,9.431006,284.62809,224.410579,-0.714343483,-0.699795248
3.991519933,-138.697246,11.963611,284.630706,228.697246,-0.660037778,-0.751232409
0.591158377,56.12912,5.292586,284.750463,33.87088,0.830295646,0.557323192
-0.007195364,90.412264,15.380171,284.753113,-0.412264,0.999974113,-0.007195302
-0.313935392,107.987173,18.324052,284.755752,-17.987173,0.951125673,-0.30880407
-0.085344157,94.88986,35.822897,284.87544,-4.88986,0.996360397,-0.085240592
-0.294853323,106.893851,34.152066,284.877986,-16.893851,0.956844777,-0.290599506
-0.236924973,103.574801,35.512388,284.880509,-13.574801,0.972064323,-0.234714617
3.653143317,-119.309694,14.448467,285.000486,209.309694,-0.87198646,-0.489529992
3.994546124,-138.870634,17.288369,285.003287,228.870634,-0.657761386,-0.753226367
3.996397413,-138.976705,14.988381,285.005949,228.976705,-0.65636582,-0.754442781
-0.282474558,106.1846,29.038319,285.125498,-16.1846,0.960368638,-0.278732988
-0.37235151,111.33417,27.276482,285.128171,-21.33417,0.931474427,-0.363806807
-0.196221451,101.242661,30.095177,285.130729,-11.242661,0.980810261,-0.194964692
0.836206042,42.088923,27.148483,285.250451,47.911077,0.67028316,0.742105441
1.159077781,23.589735,7.429118,285.253113,66.410265,0.400184852,0.916434441
0.249167585,75.723749,5.383899,285.255764,14.276251,0.969118029,0.246597336
0.679825571,51.048864,16.173402,285.375509,38.951136,0.777682387,0.628657383
3.418374,-105.858403,24.444306,285.378113,195.858403,-0.961939952,-0.273260918
2.748521799,-67.478699,31.115334,285.380671,157.478699,-0.923737197,0.383026879
2.932052124,-77.994212,5.319656,285.50044,167.994212,-0.978126593,0.208010502
3.409297276,-105.338345,4.49287,285.503102,195.338345,-0.964380606,-0.264518518
3.549925313,-113.395738,8.518576,285.505764,203.395738,-0.917784165,-0.397079622
-0.338877351,109.416242,13.018288,285.62544,-19.416242,0.94312846,-0.3324285
-0.654650139,127.50869,14.941792,285.627963,-37.50869,0.793261001,-0.608881749
-0.12647984,97.246761,14.902127,285.630498,-7.246761,0.992012082,-0.12614289
0.006490618,89.628115,41.660305,285.75044,0.371885,0.999978936,0.006490572
2.803622193,-70.635719,89.353475,285.75309,160.635719,-0.943429549,0.331573049
-0.089998322,95.156524,39.715,285.755741,-5.156524,0.995952884,-0.089876878
-0.031297314,91.793204,36.39494,285.875463,-1.793204,0.999510279,-0.031292205
-0.043177805,92.473906,43.050113,285.878044,-2.473906,0.999067983,-0.04316439
-0.04201285,92.407159,38.778503,285.880544,-2.407159,0.99911759,-0.042000492
-0.388636653,112.26724,27.128847,286.000475,-22.26724,0.925426529,-0.37892709
-1.205968827,159.096924,13.501309,286.125486,-69.096924,0.356788153,-0.934185321
0.233329228,76.63122,35.555672,286.250463,13.36878,0.972902011,0.231217812
1.638885705,-3.901234,21.196415,286.375451,93.901234,-0.068036778,0.997682814
2.381553321,-46.452954,7.805066,286.500451,136.452954,-0.724808913,0.688949954
3.619239127,-117.367127,10.766794,286.625451,207.367127,-0.888079275,-0.459690332
-0.109083427,96.25002,26.444703,286.750451,-6.25002,0.9940563,-0.108867222
-0.053937498,93.090391,36.313951,286.875498,-3.090391,0.998545726,-0.053911349
-0.507577177,119.08203,9.264407,287.000451,-29.08203,0.873924712,-0.48606131
-0.705861921,130.442909,9.390468,287.125451,-40.442909,0.761052715,-0.648690038
0.310620296,72.202768,13.215146,287.250451,17.797232,0.95214416,0.305649307
2.862372541,-74.001866,2.68617,287.375463,164.001866,-0.961270672,0.275606049
3.61514057,-117.132297,15.669769,287.500475,207.132297,-0.889955878,-0.456046638
4.422912667,-163.414229,7.533937,287.62544,253.414229,-0.285450366,-0.958393494
-0.48585912,117.837677,28.808294,287.750451,-27.837677,0.884274094,-0.466968229
3.126750793,-89.149624,7.816742,287.875451,179.149624,-0.999889862,0.014841316
3.648671539,-119.05348,16.068099,288.000463,209.05348,-0.874166804,-0.485625781
2.821004625,-71.631659,26.9097,288.125451,161.631659,-0.94905028,0.315124684
-0.3581901,110.522781,9.975463,288.250451,-20.522781,0.936532872,-0.350579778
0.626988345,54.076214,5.446904,288.37544,35.923786,0.809798142,0.58670859
3.467772822,-108.688747,18.806429,288.500486,198.688747,-0.947273228,-0.320426951
-1.201910535,158.864401,7.752776,288.625486,-68.864401,0.360576401,-0.932729682
-0.473710773,117.141628,29.670462,288.750428,-27.141628,0.889881596,-0.456191567
-0.303614841,107.395849,39.065618,288.875463,-17.395849,0.954261991,-0.298971658
-0.079201069,94.537887,29.714417,289.000451,-4.537887,0.996865234,-0.079118293
4.194466208,-150.325211,4.932698,289.125463,240.325211,-0.49507641,-0.86884944
-0.155448867,98.906564,37.668549,289.25044,-8.906564,0.987942135,-0.154823569
1.907057813,-19.266364,7.330699,289.375428,109.266364,-0.329960269,0.94399482
3.275417729,-97.667612,10.735046,289.50044,187.667612,-0.991058781,-0.133425984
4.011155062,-139.822256,3.782435,289.62544,229.822256,-0.64516095,-0.764046693
0.140994731,81.921597,39.359358,289.750486,8.078403,0.990076699,0.140528044
-0.143856687,98.242381,36.423668,289.87544,-8.242381,0.989670459,-0.14336102
-0.487897053,117.954442,21.537274,290.00044,-27.954442,0.883320608,-0.46876935
-1.022579246,148.589475,2.40404,290.125463,-58.589475,0.521166417,-0.853455076
0.31578956,71.906591,24.891755,290.25044,18.093409,0.950551464,0.310567085
0.707938374,49.438119,25.518523,290.37544,40.561881,0.759704101,0.650268929
2.684539949,-63.812809,36.886974,290.50044,153.812809,-0.89735705,0.441305251
4.66047849,-177.025748,6.045092,290.625428,267.025748,-0.051887179,-0.998652953
-0.984064245,146.382728,12.007175,290.75044,-56.382728,0.553642611,-0.832754381
0.263439631,74.906021,21.576383,290.87544,15.093979,0.965500001,0.260403049
0.576633712,56.961322,5.318504,291.000451,33.038678,0.838302714,0.545205063
2.272133237,-40.183645,12.804518,291.125451,130.183645,-0.645239637,0.763980243
-1.118250132,154.071013,2.060443,291.25044,-64.071013,0.437256835,-0.899336678
-0.170991617,99.797098,26.144974,291.375451,-9.797098,0.985416518,-0.170159589
-0.126058255,97.222606,12.34632,291.500451,-7.222606,0.992065174,-0.125724662
-0.663782626,128.031943,5.02901,291.62544,-38.031943,0.787667393,-0.616100704
4.704876769,-179.569582,7.663993,291.75044,269.569582,-0.007512141,-0.999971783
-0.920295237,142.729033,11.345699,291.87544,-52.729033,0.605585239,-0.795780446
2.316419763,-42.721076,8.206733,292.000463,132.721076,-0.678429959,0.734665087
1.843123157,-15.603178,16.134039,292.125451,105.603178,-0.268973244,0.963147649
1.256710662,17.995783,23.608533,292.250451,72.004217,0.308946995,0.951079258
3.037635311,-84.043683,21.360135,292.375428,174.043683,-0.9946013,0.103770197
4.030657196,-140.939646,14.618281,292.50044,230.939646,-0.630138669,-0.776482619
3.330403699,-100.818076,21.236864,293.25044,190.818076,-0.982228086,-0.187691203
-1.159917721,156.45839,8.334633,293.375451,-66.45839,0.399414962,-0.916770248
-0.121598346,96.967072,35.172843,293.500463,-6.967072,0.992616026,-0.121298905
-1.431499452,172.018877,10.855857,293.625463,-82.018877,0.138846834,-0.990313868
3.675947562,-120.616281,25.211854,293.750486,210.616281,-0.860597345,-0.509285981
-0.04252746,92.436644,9.833276,293.87544,-2.436644,0.999095844,-0.042514643
0.079272907,85.457997,18.273722,294.000463,4.542003,0.996859548,0.079189905
-0.138190021,97.917705,42.557198,294.125486,-7.917705,0.990466944,-0.137750617
2.785129853,-69.576186,8.824927,294.250475,159.576186,-0.937137031,0.348961582
-0.835487001,137.869879,23.324529,294.37544,-47.869879,0.670816591,-0.741623288
-0.628046347,125.984405,21.511332,294.50044,-35.984405,0.80917695,-0.587565029
0.050440888,87.10995,26.881884,294.62544,2.89005,0.998728128,0.050419501
3.028535269,-83.522289,6.229883,294.750451,173.522289,-0.993615818,0.112816689
2.450388863,-50.39694,32.706385,294.875451,140.39694,-0.770479199,0.63746514
-0.317544558,108.193963,39.253771,295.000475,-18.193963,0.950004956,-0.312234822
-0.439696208,115.192737,39.217251,295.125475,-25.192737,0.904881018,-0.425664589
0.107414229,83.845618,23.102613,295.250463,6.154382,0.994236636,0.107207794
2.804084077,-70.662183,21.122573,295.375451,160.662183,-0.943582596,0.331137259
1.757506152,-10.697685,5.062564,295.500451,100.697685,-0.185626913,0.982620297
2.634401614,-60.940094,25.603642,295.625451,150.940094,-0.874112333,0.48572382
-0.511732003,119.320084,9.434489,295.750451,-29.320084,0.871897675,-0.48968811
3.732467083,-123.854611,25.973205,295.875451,213.854611,-0.830453863,-0.557087409
-0.540936161,120.993359,19.601632,296.00044,-30.993359,0.857226992,-0.514938719
0.303371385,72.6181,32.778298,296.12544,17.3819,0.954334749,0.298739328
2.716237694,-65.628956,23.740379,296.25044,155.628956,-0.910892318,0.412644138
3.84828776,-130.490647,24.558927,296.375451,220.490647,-0.760511972,-0.649323911
0.029547325,88.307063,8.445187,296.500451,1.692937,0.99956351,0.029543026
-0.053435349,93.06162,54.815048,296.625428,-3.06162,0.998572671,-0.053409924
1.46064975,6.310934,3.133011,296.75044,83.689066,0.109923991,0.993939996
4.308753177,-156.873372,15.954825,296.87544,246.873372,-0.392764558,-0.919639061
-0.770255617,134.132396,2.559479,297.00044,-44.132396,0.717732702,-0.696318726
3.374552116,-103.347594,19.553234,297.125451,193.347594,-0.972987441,-0.23085805
2.619347224,-60.077541,14.370574,297.25044,150.077541,-0.866701283,0.498827511
3.216261906,-94.278233,34.404398,297.375451,184.278233,-0.997213546,-0.074599885
3.852791251,-130.748678,9.553381,297.50044,220.748678,-0.757580045,-0.652742273
-0.483852131,117.722685,26.95854,297.625428,-27.722685,0.885209512,-0.465192561
-0.823999261,137.21168,14.6552,297.75044,-47.21168,0.679291716,-0.733868356
3.5214795,-111.765913,30.891678,297.875428,201.765913,-0.928706601,-0.370815385
2.902479509,-76.299826,20.542129,298.00044,166.299826,-0.971548401,0.236841097
0.074903475,85.708347,14.648272,298.12544,4.291653,0.997196046,0.074833453
-0.028768297,91.648302,33.725332,298.250451,-1.648302,0.999586221,-0.028764329
3.88587374,-132.644165,23.254168,298.375451,222.644165,-0.735575116,-0.67744317
3.296027903,-98.848488,23.45078,298.500463,188.848488,-0.988098559,-0.153822095
-0.408726615,113.41831,27.390852,298.625475,-23.41831,0.917627662,-0.397441157
-0.193666272,101.09626,40.249832,298.750451,-11.09626,0.981305229,-0.192457912
-0.381677694,111.868521,24.909196,298.87544,-21.868521,0.928041038,-0.372477962
-0.350268208,110.06889,15.337649,300.000451,-20.06889,0.939280711,-0.343149742
0.077352347,85.568037,39.933812,300.125428,4.431963,0.997009799,0.077275232
2.438967672,-49.742554,24.387018,300.250475,139.742554,-0.763148495,0.646223162
4.496818076,-167.648697,14.440096,300.37544,257.648697,-0.213905153,-0.976854434
3.200370648,-93.367731,34.785069,300.50044,183.367731,-0.998273071,-0.058744155
-0.557511657,121.943065,29.392385,300.625428,-31.943065,0.84857426,-0.529076295
-0.325586006,108.654704,32.858013,300.750486,-18.654704,0.947463447,-0.31986406
2.452152291,-50.497977,7.65924,300.87544,140.497977,-0.771602124,0.636105464
3.109205992,-88.144381,32.81429,301.00044,178.144381,-0.999475598,0.032381
3.904266264,-133.697979,8.030952,301.125451,223.697979,-0.722991515,-0.690856909
-0.122947869,97.044394,25.860872,301.250486,-7.044394,0.992451427,-0.122638353
2.818037111,-71.461633,19.722406,301.37544,161.461633,-0.948110966,0.317939612
3.199210702,-93.301271,52.443057,301.50044,183.301271,-0.998340539,-0.057586173
3.509687515,-111.090282,35.34905,301.62544,201.090282,-0.933014581,-0.359838564
0.489563756,61.950063,19.170901,301.75044,28.049937,0.882538083,0.470240931
-0.03092411,91.771821,25.50416,301.875463,-1.771821,0.999521888,-0.030919182
3.478439122,-109.299881,42.246116,302.000451,199.299881,-0.943801638,-0.330512432
3.101596636,-87.708397,31.849636,302.125486,177.708397,-0.999200266,0.039985355
2.505214838,-53.538237,20.452651,302.250475,143.538237,-0.804253643,0.594286191
-0.686112002,129.311322,19.41569,302.375451,-39.311322,0.773715035,-0.633533776
4.090537942,-144.37056,12.326872,302.500451,234.37056,-0.582540685,-0.812801544
3.552482185,-113.542236,34.76384,302.625428,203.542236,-0.916765884,-0.399424978
0.085888351,85.07896,86.229288,302.75044,4.92104,0.996313862,0.085782793
-0.330465336,108.934269,38.072362,302.875475,-18.934269,0.945891452,-0.32448322
-0.516130966,119.572126,26.121568,303.000451,-29.572126,0.869735126,-0.493518805
3.437854074,-106.974529,21.82071,303.12544,196.974529,-0.956434636,-0.291946548
0.297806403,72.93695,22.594738,303.25044,17.06305,0.955982442,0.293423874
0.869409936,40.18648,12.74763,303.37544,49.81352,0.645277438,0.763948315
4.218875859,-151.723781,17.199275,303.500498,241.723781,-0.47372272,-0.880674051
3.343274647,-101.555527,36.924796,303.625475,191.555527,-0.979731031,-0.200317514
-0.22447053,102.861214,40.964484,303.87544,-12.861214,0.974912099,-0.222590207
-0.567888809,122.537632,9.668003,304.000451,-32.537632,0.843038364,-0.537853434
4.007677685,-139.623017,25.265605,304.12544,229.623017,-0.647813922,-0.76179861
3.597117026,-116.099624,17.615103,304.250428,206.099624,-0.898030463,-0.439933277
2.605353854,-59.27578,4.18176,304.375486,149.27578,-0.859636379,0.510906348
3.018990429,-82.97541,5.586498,304.500451,172.97541,-0.992493757,0.12229531
3.488582086,-109.88103,10.986753,304.625463,199.88103,-0.940400771,-0.340068213
4.16124678,-148.421878,8.615013,304.750451,238.421878,-0.523660642,-0.851926952
-0.136312309,97.81012,14.826138,304.87544,-7.81012,0.990723854,-0.135890563
-0.142782733,98.180848,25.943994,305.000475,-8.180848,0.989823852,-0.142298078
4.349005164,-159.179641,3.29023,305.125475,249.179641,-0.355439113,-0.934699437
-0.639754155,126.655213,6.663831,305.250486,-36.655213,0.802242551,-0.596998232
-0.62008967,125.528521,10.168848,305.37544,-35.528521,0.813826352,-0.581108139
-0.330002771,108.907766,17.553071,305.500428,-18.907766,0.946041446,-0.32404565
-0.579957848,123.229137,25.464826,305.750451,-33.229137,0.836485749,-0.547988678
0.29985425,72.819617,30.33735,305.87544,17.180383,0.955379551,0.295380963
0.234971775,76.537109,24.694259,306.00044,13.462891,0.972520913,0.232815536
-0.025440931,91.457658,11.772123,306.12544,-1.457658,0.999676397,-0.025438187
2.731543725,-66.505927,7.652412,306.250451,156.505927,-0.917101318,0.398654201
-0.241855074,103.857275,24.734292,306.37544,-13.857275,0.970895348,-0.23950412
4.641455606,-175.935817,0.917625,306.500463,265.935817,-0.070873906,-0.997485283
-0.486951661,117.900275,27.265463,306.62544,-27.900275,0.883763384,-0.467934056
4.312153166,-157.068177,11.886074,306.750475,247.068177,-0.389635531,-0.920969138
-0.584570771,123.493438,25.728497,306.875498,-33.493438,0.833949029,-0.551841478
-0.718794654,131.1839,24.797732,307.00044,-41.1839,0.75259997,-0.658478007
-0.176836446,100.131982,42.677408,307.125428,-10.131982,0.984405138,-0.17591624
-0.785707593,135.017729,16.21537,307.25044,-45.017729,0.706887948,-0.707325547
-0.052772683,93.023652,14.522945,307.375475,-3.023652,0.998607845,-0.052748191
0.303426677,72.614932,13.58299,307.500475,17.385068,0.95431823,0.298792095
-1.516186563,176.871091,3.571579,307.625475,-86.871091,0.054582625,-0.998509257
-0.526310511,120.155371,21.030834,307.750475,-30.155371,0.864666354,-0.502346591
0.388157473,67.760215,8.860194,307.87544,22.239785,0.925607997,0.378483601
-0.263592766,105.102753,42.291812,308.000451,-15.102753,0.965460113,-0.260550898
4.405370747,-162.409151,17.715322,308.12544,252.409151,-0.302217648,-0.953238949
3.157154603,-90.891634,29.28911,308.25044,180.891634,-0.999878915,-0.015561321
-0.125745004,97.204658,72.020664,308.375475,-7.204658,0.992104509,-0.12541389
-0.030123667,91.725959,68.90382,308.500451,-1.725959,0.999546317,-0.030119112
2.239760556,-38.328827,42.095295,308.625451,128.328827,-0.620173795,0.784464444
4.073158529,-143.374793,18.296484,308.750451,233.374793,-0.596578013,-0.802555091
4.448365816,-164.872587,8.867287,308.87544,254.872587,-0.260966406,-0.965347883
4.710426585,-179.887563,10.060763,309.000486,269.887563,-0.001962395,-0.999998075
-0.974964308,145.86134,8.269744,309.125451,-55.86134,0.561197596,-0.827681858
3.100185398,-87.627539,42.961342,309.25044,177.627539,-0.999142842,0.041395424
-1.346580318,167.153369,2.063212,309.37544,-77.153369,0.222342064,-0.974968721
4.573667716,-172.051857,8.601443,309.50044,262.051857,-0.138276777,-0.990393625
0.172341298,80.125571,25.963093,309.62544,9.874429,0.98518596,0.171489431
2.793404128,-70.050267,5.00876,309.75044,160.050267,-0.939992322,0.341195596
3.325165285,-100.517937,10.245391,309.875451,190.517937,-0.983197809,-0.182543334
-0.981829351,146.254678,11.549562,310.000486,-56.254678,0.555502345,-0.83151497
-1.385106978,169.360784,3.62297,310.125428,-79.360784,0.184624076,-0.982809214
1.737546846,-9.554101,1.354857,310.250451,99.554101,-0.165978823,0.986129317
-0.78530772,134.994818,3.650535,310.375475,-44.994818,0.707170731,-0.707042825
-0.590784021,123.849431,5.519822,310.500486,-33.849431,0.830504225,-0.557012327
-0.104458235,95.985016,5.723522,310.625428,-5.985016,0.994549198,-0.104268372
1.298024857,15.628654,8.518259,310.75044,74.371346,0.269401471,0.963027958
2.773813365,-68.927799,3.595229,310.875463,158.927799,-0.93312809,0.359544112
3.512655552,-111.260338,37.634626,311.00044,201.260338,-0.931942459,-0.362606197
0.587529802,56.337022,25.694007,311.125451,33.662978,0.832312464,0.55430674
3.209139444,-93.870146,19.540944,311.250428,183.870146,-0.997719583,-0.067495437
4.596169181,-173.341096,5.846125,311.37544,263.341096,-0.115958345,-0.993254077
-1.212609141,159.477386,5.538148,311.500475,-69.477386,0.350577048,-0.936533893
-0.201195849,101.527673,45.066414,311.62544,-11.527673,0.979828299,-0.1998412
-0.320720429,108.375927,45.576341,311.750451,-18.375927,0.949008549,-0.315250336
2.655273989,-62.135993,41.137872,311.87544,152.135993,-0.884059407,0.467374544
-0.491186702,118.142925,12.16553,312.000475,-28.142925,0.881773745,-0.471672623
-0.084927145,94.865967,37.11186,312.125451,-4.865967,0.996395857,-0.084825091
-0.062283366,93.568574,28.349588,312.250475,-3.568574,0.998061018,-0.062243105
-0.120771286,96.919685,24.597328,312.375486,-6.919685,0.992716008,-0.120477911
3.278391944,-97.838022,20.433762,312.500475,187.838022,-0.99065756,-0.136373012
2.198110805,-35.942472,16.124525,312.625475,125.942472,-0.58697266,0.809606754
0.991793069,33.174443,17.746194,312.75044,56.825557,0.547189927,0.837008473
4.56664088,-171.649249,6.874282,312.875428,261.649249,-0.145232639,-0.989397534
0.59169983,56.098097,5.744438,313.000486,33.901903,0.82999376,0.557772676
0.192544269,78.968026,27.228417,313.125486,11.031974,0.981520549,0.191356764
3.294849876,-98.780992,17.736709,313.250475,188.780992,-0.98827908,-0.152657981
-0.090833654,95.204385,18.07883,313.62544,-5.204385,0.995877459,-0.090708798
-0.178068107,100.202551,42.952686,313.75044,-10.202551,0.984187723,-0.17712856
3.411314527,-105.453925,37.62541,313.875486,195.453925,-0.963845044,-0.266463376
3.47460973,-109.080473,38.184922,314.000486,199.080473,-0.945060377,-0.326895832
2.625032337,-60.403274,14.894093,314.12544,150.403274,-0.869523153,0.493892181
3.344031456,-101.598889,85.525208,314.250475,191.598889,-0.979579148,-0.201058927
2.26537061,-39.796175,59.486684,314.375475,129.796175,-0.640058408,0.768326255
1.886118592,-18.066635,31.785853,314.500475,108.066635,-0.310122864,0.950696486
3.373158261,-103.267732,13.73467,314.62544,193.267732,-0.973308279,-0.229501623
-0.254631879,104.589332,54.554318,314.750463,-14.589332,0.967756087,-0.251889174
0.020895867,88.802755,38.73405,314.875486,1.197245,0.999781689,0.020894347
0.788197288,44.839622,5.500633,315.000486,45.160378,0.705124734,0.709083288
1.069443954,28.725375,21.294714,315.125475,61.274625,0.480611918,0.876933398
-1.37333934,168.686548,1.876961,315.250498,-78.686548,0.196176369,-0.980568627
3.515941186,-111.448591,23.459663,315.375486,201.448591,-0.930746039,-0.365666256
3.148063165,-90.370733,27.044791,315.500451,180.370733,-0.999979066,-0.006470466
-0.327118911,108.742533,41.37911,315.625463,-18.742533,0.946972013,-0.321316055
0.000247697,89.985808,40.8554,315.750486,0.014192,0.999999969,0.000247697
3.538359766,-112.733081,7.514667,315.875428,202.733081,-0.922315124,-0.386438626
2.410764426,-48.126627,42.68684,316.000475,138.126627,-0.744621827,0.66748658
1.870626072,-17.178979,12.212437,316.125475,107.178979,-0.295357552,0.955386789
0.058691531,86.637223,42.34042,316.250475,3.362777,0.998278146,0.058657841
1.795511744,-12.875245,34.368515,316.375475,102.875245,-0.222828944,0.97485756
3.684085247,-121.082536,16.181248,316.50044,211.082536,-0.856424486,-0.516272311
3.81091225,-128.349188,13.071543,316.625475,218.349188,-0.784244006,-0.620452528
-0.081366342,94.661948,45.349853,316.750475,-4.661948,0.996691585,-0.081276591
-0.028198901,91.615678,38.146401,316.875428,-1.615678,0.999602437,-0.028195164
4.455660786,-165.290558,13.505637,317.00044,255.290558,-0.253917341,-0.967225922
-0.566523805,122.459423,14.432749,317.125486,-32.459423,0.843771751,-0.536702182
-0.204641426,101.72509,35.703461,317.250463,-11.72509,0.979133916,-0.203216081
-0.141476354,98.105998,21.750407,317.375463,-8.105998,0.990008902,-0.141004872
2.978226991,-80.639837,27.185917,317.500463,170.639837,-0.986685482,0.162639972
-0.734860392,132.104399,15.816068,317.62544,-42.104399,0.741924365,-0.670483584
-0.255587272,104.644072,12.818133,317.750475,-14.644072,0.967514992,-0.252813647
3.138660343,-89.831991,23.63507,317.875486,179.831991,-0.999995701,0.002932306
2.428472571,-49.141229,1.731013,332.000451,139.141229,-0.756324413,0.654196746
2.586809941,-58.213292,49.478092,332.12544,148.213292,-0.850014918,0.526758615
0.322390413,71.52839,37.773861,332.250486,18.47161,0.948480763,0.316834724
2.32963098,-43.478023,26.666586,332.37544,133.478023,-0.688076292,0.725638351
2.536324634,-55.320697,7.367742,332.500475,145.320697,-0.822349629,0.568982503
3.840879047,-130.066159,18.706654,332.625475,220.066159,-0.765301711,-0.643671727
-0.227506443,103.035159,16.777653,332.750486,-13.035159,0.974231842,-0.225548925
-0.069317305,93.971589,42.016218,332.875475,-3.971589,0.997598517,-0.069261808
0.424366772,65.685575,4.763645,333.00044,24.314425,0.911299643,0.411743804
0.377414483,68.375743,3.812367,333.125475,21.624257,0.929620552,0.368518154
-0.423045086,114.238698,31.615887,333.250475,-24.238698,0.911843043,-0.410538993
-0.846821309,138.519287,4.925143,333.375486,-48.519287,0.662367896,-0.749178731
-0.673260846,128.575005,20.748635,333.500475,-38.575005,0.781792562,-0.623538603
3.843429549,-130.212292,16.471558,333.625486,220.212292,-0.763657537,-0.645621535
4.583707356,-172.627086,6.697265,333.750486,262.627086,-0.12832678,-0.991731938
3.676068059,-120.623185,6.623715,333.875475,210.623185,-0.860535971,-0.509389677
-0.36332526,110.817004,2.420578,334.000475,-20.817004,0.934720248,-0.35538438
4.240570738,-152.966806,3.18305,334.125475,242.966806,-0.454506623,-0.890743358
-0.652904635,127.40868,16.278635,334.250475,-37.40868,0.794322597,-0.607496182
0.327472916,71.237184,2.839368,334.375486,18.762816,0.946858206,0.321651268
3.812658033,-128.449214,10.80203,334.500486,218.449214,-0.783159636,-0.621820702
-0.299398021,107.154243,23.876067,334.625475,-17.154243,0.955514213,-0.294945061
-0.030539597,91.74979,35.67196,334.750486,-1.74979,0.999533703,-0.03053485
0.117961708,83.241292,31.441482,334.875486,6.758708,0.993050582,0.117688326
-0.642589372,126.817659,51.395736,335.000486,-36.817659,0.800546709,-0.599270362
-0.161506713,99.253653,33.408921,335.125475,-9.253653,0.986986116,-0.160805493
1.939280379,-21.112581,24.681368,335.25044,111.112581,-0.360201657,0.932874464
0.152902955,81.239306,38.62033,335.375475,8.760694,0.9883331,0.152307857
2.70429732,-64.944823,38.929603,335.500475,154.944823,-0.905900377,0.423490858
0.056668048,86.75316,14.303445,335.625475,3.24684,0.998394796,0.056637724
-0.463598911,116.562261,10.893788,335.750463,-26.562261,0.894448968,-0.447170038
-0.084301567,94.830124,9.349902,335.875475,-4.830124,0.996448727,-0.084201751
0.032461937,88.140068,39.228599,336.000486,1.859932,0.999473158,0.032456236
-0.014519865,90.831927,26.283162,336.125463,-0.831927,0.999894589,-0.014519355
2.853361459,-73.485569,25.754936,336.250475,163.485569,-0.95874817,0.284256832
-0.292549087,106.761828,16.751227,336.375498,-16.761828,0.957511846,-0.288393941
-0.530972006,120.422455,21.703359,336.500475,-30.422455,0.862315281,-0.506371756
-0.324671767,108.602322,29.581199,336.625475,-18.602322,0.947755483,-0.318997719
3.201388122,-93.426028,17.871305,336.750475,183.426028,-0.998212784,-0.059759842
-0.486587899,117.879433,15.268566,336.875486,-27.879433,0.883933542,-0.467612546
3.896438375,-133.249474,8.028738,337.000475,223.249474,-0.72837726,-0.685176304
-0.035801468,92.051273,16.400103,337.125475,-2.051273,0.999359196,-0.03579382
2.685858405,-63.888351,16.797818,337.250475,153.888351,-0.897938112,0.440121742
-0.711607667,130.772116,15.721293,337.375486,-40.772116,0.757312965,-0.653052122
1.903156182,-19.042817,6.516948,337.500475,109.042817,-0.326274647,0.945275015
-0.128180174,97.344183,39.180694,337.625475,-7.344183,0.991796163,-0.127829459
3.37214604,-103.209736,19.470241,337.750475,193.209736,-0.973540086,-0.228516302
-0.816491623,136.781524,7.723628,337.875486,-46.781524,0.684782139,-0.728747846
-0.399209142,112.872999,18.909641,338.000463,-22.872999,0.92136868,-0.388689792
-0.406977725,113.318106,27.185623,338.125475,-23.318106,0.918321339,-0.39583572
3.540331081,-112.846029,15.498808,338.250475,202.846029,-0.921551541,-0.388256047
2.60514719,-59.263939,34.493461,338.375475,149.263939,-0.859530774,0.511083993
-0.307735668,107.631955,36.022054,338.500463,-17.631955,0.953021882,-0.302901457
-0.014335628,90.821371,41.150237,338.625486,-0.821371,0.999897247,-0.014335137
0.00193283,89.889257,38.942047,338.750475,0.110743,0.999998132,0.001932829
-0.346673109,109.862906,19.212335,338.875475,-19.862906,0.940508296,-0.339770725
-0.063980559,93.665816,31.268422,339.000486,-3.665816,0.997953942,-0.063936917
-0.047498141,92.721443,43.632084,339.125486,-2.721443,0.998872175,-0.047480283
2.553099971,-56.281853,33.05732,339.250475,146.281853,-0.831778347,0.5551079
-1.038865454,149.522606,5.644304,339.375475,-59.522606,0.507198368,-0.861829342
-0.354181061,110.29308,25.160796,339.500475,-20.29308,0.93793083,-0.346822374
0.200467837,78.514039,35.019827,339.750475,11.485961,0.979973526,0.199127821
-0.920072289,142.716259,2.962206,339.875475,-52.716259,0.605762642,-0.795645412
2.485553355,-52.411717,3.399096,340.000486,142.411717,-0.792414402,0.609983128
0.335292759,70.78914,33.621712,340.125486,19.21086,0.944314019,0.329045641
-0.548223556,121.410896,16.741538,340.250475,-31.410896,0.853451701,-0.521171943
3.657627958,-119.566645,23.016143,340.375475,209.566645,-0.869782333,-0.493435602
-0.482850085,117.665272,23.251299,340.500475,-27.665272,0.885675212,-0.464305307
-0.605557814,124.695907,24.901081,340.625475,-34.695907,0.822184706,-0.569220791
-1.009456115,147.837575,13.037484,340.750486,-57.837575,0.532321222,-0.846542448
2.721438007,-65.926912,25.466574,340.875486,155.926912,-0.913025871,0.407901654
4.584144369,-172.652125,11.283116,341.000475,262.652125,-0.127893368,-0.991787924
-0.107877963,96.180952,36.409519,341.125463,-6.180952,0.994186813,-0.107668844
-1.048281872,150.062127,48.666367,341.250486,-60.062127,0.499060657,-0.866567055
3.663626899,-119.910359,19.944822,341.375475,209.910359,-0.866806609,-0.498644465
-0.849023024,138.645436,8.962836,341.500486,-48.645436,0.660716814,-0.750635259
-0.339328763,109.442106,42.946923,341.625475,-19.442106,0.942978302,-0.332854205
-0.327454014,108.761733,44.922663,341.750475,-18.761733,0.946864285,-0.32163337
0.475475214,62.757277,8.632943,341.875475,27.242723,0.889075288,0.457760999
3.48000367,-109.389523,29.40074,342.000475,199.389523,-0.943283381,-0.33198865
0.249055151,75.730191,30.917148,342.125475,14.269809,0.969145749,0.246488373
0.095623675,84.521167,36.973337,342.250486,5.478833,0.995431539,0.095478013
-0.696280692,129.893945,13.659989,342.500475,-39.893945,0.767232936,-0.641368554
0.025455435,88.541511,20.480652,342.625475,1.458489,0.999676028,0.025452686
0.062547836,86.416273,41.710682,342.750475,3.583727,0.998044522,0.06250706
-0.360910056,110.678623,33.07787,342.875463,-20.678623,0.935575847,-0.353125806
2.218663296,-37.120043,21.740215,343.000486,127.120043,-0.603486959,0.797372868
-0.027118577,91.55378,8.651169,343.125475,-1.55378,0.999632314,-0.027115253
0.187527617,79.255459,29.57951,343.250475,10.744541,0.982468165,0.18643043
2.795355528,-70.162074,21.191892,343.375463,160.162074,-0.940656341,0.339360647
3.302780233,-99.235368,6.788349,343.500475,189.235368,-0.987037384,-0.160490505
-0.722742432,131.410091,18.341768,343.625486,-41.410091,0.749994587,-0.661443966
-0.099777227,95.716814,35.747998,343.750463,-5.716814,0.995026381,-0.099611754
-0.364755366,110.898943,33.044814,343.875486,-20.898943,0.934211055,-0.356720765
2.655957686,-62.175166,8.186688,344.000475,152.175166,-0.884378744,0.466770005
-0.265608953,105.218272,25.136547,344.125475,-15.218272,0.964932832,-0.262496915
0.316806232,71.84834,26.635229,344.250475,18.15166,0.950235228,0.311533323
3.764834929,-125.709152,25.674246,344.375451,215.709152,-0.811990306,-0.58367092
3.255075113,-96.502066,23.231461,344.500486,186.502066,-0.993567773,-0.11323904
0.340866433,70.469792,8.461828,344.625486,19.530208,0.942465367,0.334303801
-0.328100938,108.798799,41.135384,344.750475,-18.798799,0.946656015,-0.322245852
-0.506787852,119.036805,9.280675,344.875463,-29.036805,0.8743081,-0.485371348
3.173337435,-91.818842,21.914828,345.000475,181.818842,-0.999496177,-0.03173945
3.391248791,-104.304243,20.835509,345.125498,194.304243,-0.968997437,-0.247070772
0.145182439,81.681659,41.037559,345.250475,8.318341,0.989479528,0.144672952
2.035985355,-26.653368,33.811787,345.375463,116.653368,-0.448591751,0.893736785
3.904248566,-133.696965,21.786351,345.500463,223.696965,-0.723003741,-0.690844114
-0.444907587,115.491327,12.736855,345.625475,-25.491327,0.902650442,-0.430374465
-0.241126486,103.81553,35.019413,345.750463,-13.81553,0.97106959,-0.238796674
-0.026601994,91.524182,35.346126,345.875463,-1.524182,0.999646188,-0.026598857
2.575283699,-57.552887,40.773085,346.000486,147.552887,-0.843887042,0.536520885
-0.688669678,129.457866,8.12044,346.125486,-39.457866,0.772092132,-0.635510613
-0.021517519,91.232863,34.226389,346.250475,-1.232863,0.999768507,-0.021515858
3.874559695,-131.995918,10.953294,346.375463,221.995918,-0.743192495,-0.66907766
2.70896941,-65.212514,39.478363,346.500475,155.212514,-0.90786907,0.419253804
4.399215407,-162.056476,10.596418,346.625475,252.056476,-0.308079395,-0.95136065
-0.252748198,104.481405,38.171238,346.750486,-14.481405,0.968228849,-0.250065784
0.087309328,84.997544,44.764396,346.875475,5.002456,0.996190961,0.087198445
4.054616291,-142.312401,9.675452,347.000475,232.312401,-0.611355775,-0.791355872
3.266515974,-97.157579,14.800274,347.125463,187.157579,-0.992207224,-0.124598651
0.042799138,87.54779,33.232974,347.250486,2.45221,0.999084257,0.042786073
0.316919556,71.841847,32.216986,347.375498,18.158153,0.950199918,0.311641006
4.237841898,-152.810455,16.205818,347.500475,242.810455,-0.456935624,-0.889499767
2.85315928,-73.473985,10.964678,347.625498,163.473985,-0.95869068,0.284450665
-0.302193916,107.314436,25.966608,347.750463,-17.314436,0.954685844,-0.297615422
-0.387431678,112.1982,39.765243,347.875486,-22.1982,0.925882455,-0.3778117
-0.389270836,112.303576,32.102923,348.000486,-22.303576,0.925186034,-0.379513904
2.383724057,-46.577328,5.151912,348.125486,136.577328,-0.726302733,0.687374963
0.162884929,80.667381,43.183158,348.250486,9.332619,0.986763554,0.162165621
-0.068950349,93.950564,41.865796,348.375475,-3.950564,0.997623866,-0.068895729
2.82652196,-71.947779,27.857293,348.500475,161.947779,-0.950774474,0.309883686
2.933411002,-78.07207,29.38093,348.625475,168.07207,-0.97840835,0.206681155
-0.058554278,93.354913,57.894396,348.750463,-3.354913,0.998286188,-0.058520824
-0.158950556,99.107196,26.945114,348.875475,-9.107196,0.987393935,-0.158282079
-0.31490843,108.042924,33.036856,349.000486,-18.042924,0.950824745,-0.309729406
4.24162928,-153.027456,14.959071,349.125463,243.027456,-0.453563479,-0.891223973
-0.816118768,136.760161,18.091705,349.250486,-46.760161,0.685053808,-0.728492471
0.369912395,68.805581,31.791336,349.375498,21.194419,0.932359021,0.361533754
0.500423334,61.327855,13.287654,349.500475,28.672145,0.877379526,0.479797006
3.124650952,-89.029312,35.739199,349.625486,179.029312,-0.999856493,0.016940891
-0.819769439,136.969329,11.071148,349.750486,-46.969329,0.682389763,-0.730988516
-0.335430274,109.218739,44.489537,349.875486,-19.218739,0.944268762,-0.329175494
0.097957931,84.387424,44.403761,350.000463,5.612576,0.995205957,0.097801342
3.510265184,-111.12338,19.692999,350.125475,201.12338,-0.932806558,-0.360377477
-0.045001849,92.578416,9.887192,350.250486,-2.578416,0.998987588,-0.044986661
3.345830332,-101.701957,4.211739,350.375475,191.701957,-0.979215884,-0.202820742
-0.009910678,90.56784,35.910636,350.500475,-0.56784,0.99995089,-0.009910515
-0.301502469,107.274819,5.633497,350.625475,-17.274819,0.954891401,-0.296955236
-0.452729385,115.939483,8.254984,350.750486,-25.939483,0.899256562,-0.437421577
-0.125753695,97.205156,23.118828,350.875475,-7.205156,0.992103419,-0.125422513
-0.170898801,99.79178,40.456396,351.000463,-9.79178,0.985432308,-0.170068125
2.273654816,-40.270825,32.196776,351.125486,130.270825,-0.646401345,0.762997576
4.373990809,-160.611213,1.550787,351.250475,250.611213,-0.331976533,-0.943287645
-0.160786607,99.212394,32.694364,351.375428,-9.212394,0.987101657,-0.160094717
-0.54392975,121.164879,26.527889,351.500475,-31.164879,0.855681638,-0.517502593
3.020089376,-83.038375,19.04233,351.625463,173.038375,-0.992627553,0.121204538
3.518808361,-111.612868,32.109141,351.750498,201.612868,-0.929693786,-0.368333361
-0.469631869,116.907924,12.039856,351.875486,-26.907924,0.891734949,-0.45255804
0.070179951,85.978985,31.379993,352.000486,4.021015,0.997538398,0.070122357
3.8631813,-131.343984,2.253583,352.125498,221.343984,-0.750757252,-0.660578193
3.153413681,-90.677295,16.873734,352.250475,180.677295,-0.999930132,-0.011820752
-0.417725026,113.933881,26.855631,352.375475,-23.933881,0.914014221,-0.405682146
-0.106636022,96.109794,41.022308,352.500463,-6.109794,0.994319765,-0.106434039
-0.351896897,110.162207,30.454727,352.625486,-20.162207,0.938720582,-0.344679082
-0.130947568,97.502743,24.149555,352.750486,-7.502743,0.991438611,-0.130573657
-0.663598058,128.021368,2.935312,352.875498,-38.021368,0.787781093,-0.615955315
0.222811158,77.233861,30.043884,353.000475,12.766139,0.975280116,0.220972159
0.185654128,79.362802,38.670023,353.125486,10.637198,0.982815716,0.184589461
3.761471994,-125.51647,7.272177,353.250463,215.51647,-0.813948558,-0.580936954
0.049636797,87.156021,26.945259,353.375475,2.843979,0.998768347,0.049616417
-0.130502823,97.477261,36.613614,353.500475,-7.477261,0.991496585,-0.130132707
-0.311484862,107.846768,31.482906,353.625509,-17.846768,0.95187955,-0.306472384
-0.051303901,92.939497,35.099933,353.750475,-2.939497,0.998684244,-0.051281398
3.43235037,-106.65919,3.405038,353.875463,196.65919,-0.95802693,-0.28667822
0.371381857,68.721387,26.864908,354.000498,21.278613,0.931826755,0.362903429
3.218973205,-94.433579,23.152197,354.125475,184.433579,-0.997007619,-0.077303352
4.076226556,-143.550578,3.955554,354.250475,233.550578,-0.594112948,-0.804381629
3.839766539,-130.002417,12.862152,354.375475,220.002417,-0.766017327,-0.642819924
0.144208597,81.737456,39.953776,354.500463,8.262544,0.989619948,0.143709287
-0.270657859,105.507553,36.939586,354.625475,-15.507553,0.963595216,-0.267365404
-0.235804419,103.510598,35.435531,354.750498,-13.510598,0.972326723,-0.233625219
3.635585688,-118.303716,30.900059,354.875486,208.303716,-0.880446604,-0.474145313
0.022226506,88.726515,35.083961,355.000486,1.273485,0.999753001,0.022224676
-0.301712118,107.286831,32.774196,355.125475,-17.286831,0.954829124,-0.297155422
2.765912871,-68.475134,14.108238,355.250475,158.475134,-0.930258421,0.366904987
3.269460728,-97.326301,11.929405,355.375486,187.326301,-0.99183601,-0.127519913
-0.6173328,125.370564,11.888403,355.500475,-35.370564,0.815425297,-0.57886232
-0.292914646,106.782773,13.953422,355.625498,-16.782773,0.957406357,-0.288743949
2.856762372,-73.680427,1.222295,356.125475,163.680427,-0.959709356,0.280994575
-0.156239623,98.951871,13.354953,356.250498,-8.951871,0.987819399,-0.155604742
1.824605545,-14.542197,3.117237,356.375498,104.542197,-0.251092954,0.967962979
3.173319476,-91.817813,15.666659,356.500475,181.817813,-0.999496747,-0.0317215
-0.495277091,118.377287,41.19371,356.625498,-28.377287,0.879837049,-0.475275464
-0.197907945,101.33929,58.530666,356.750475,-11.33929,0.98048006,-0.196618545
0.966146258,34.643897,2.118978,356.875475,55.356103,0.568474222,0.822701075
3.624182615,-117.650368,17.527545,357.000486,207.650368,-0.885795959,-0.464074906
-0.178403298,100.221756,18.100909,357.125475,-10.221756,0.984128295,-0.17745844
-0.018964329,91.086576,32.05564,357.250463,-1.086576,0.999820183,-0.018963192
-0.405961507,113.259881,26.269553,357.375463,-23.259881,0.918723121,-0.394902302
3.325520215,-100.538273,15.407269,357.500475,190.538273,-0.983132957,-0.182892289
-0.283606666,106.249465,38.094723,357.625463,-16.249465,0.960052467,-0.27982005
-0.387859493,112.222712,41.096394,357.750463,-22.222712,0.925720736,-0.378207771
0.012038601,89.310239,43.13966,357.875486,0.689761,0.999927537,0.01203831
3.826249662,-129.227957,20.100313,358.000486,219.227957,-0.774636003,-0.632407355
2.266378852,-39.853943,10.612884,358.125463,129.853943,-0.640832742,0.767680531
1.896534909,-18.663446,37.047699,358.250475,108.663446,-0.320008617,0.947414632
3.505836882,-110.869657,18.277604,358.375486,200.869657,-0.934393266,-0.356243208
3.440150019,-107.106077,34.746826,358.500486,197.106077,-0.955761822,-0.294141698
-0.716358977,131.044346,8.226182,358.625486,-41.044346,0.754201575,-0.656642965
-0.561996229,122.200012,25.729745,358.750475,-32.200012,0.846193055,-0.532876453
-0.249506737,104.295683,36.715448,358.875475,-14.295683,0.969034339,-0.246926001
2.674875101,-63.259054,36.099425,359.000463,153.259054,-0.893050058,0.449957325
2.017390914,-25.587985,16.568045,359.125498,115.587985,-0.431896624,0.901923116
-0.623782577,125.740109,30.105944,359.250463,-35.740109,0.811674829,-0.584109554
2.11949737,-31.438254,11.473234,359.375463,121.438254,-0.521579396,0.853202751
3.490257323,-109.977014,34.151638,359.500463,199.977014,-0.939829757,-0.341643129
2.675398473,-63.289041,32.144615,359.625463,153.289041,-0.89328543,0.449489866
1.259642501,17.827801,3.836135,359.750486,72.172199,0.30615726,0.951980951
-0.8036952,136.048343,23.697058,359.875475,-46.048343,0.694051184,-0.719925658
3.35171012,-102.038844,36.581481,360.000463,192.038844,-0.978006421,-0.208574784
2.767405005,-68.560627,39.286882,360.125475,158.560627,-0.930804857,0.365516509
-0.171790088,99.842847,26.50899,360.250463,-9.842847,0.985280337,-0.17094636
-0.35804337,110.514374,26.034808,360.375498,-20.514374,0.936584302,-0.350442357
3.617204003,-117.250523,27.828061,360.500486,207.250523,-0.889012962,-0.45788203
3.095361465,-87.351148,37.516235,360.625486,177.351148,-0.998931529,0.046214722
-0.399871983,112.910977,27.448131,360.750498,-22.910977,0.921110838,-0.389300428
-0.224210651,102.846324,42.219939,360.875475,-12.846324,0.974969912,-0.22233684
-0.151521859,98.681563,8.734933,361.000475,-8.681563,0.988542509,-0.150942729
2.072460119,-28.743218,35.153221,361.125486,118.743218,-0.480884989,0.876783683
-0.45067981,115.822051,28.720923,361.250486,-25.822051,0.900151201,-0.435577566
0.034239957,88.038195,28.452818,361.375475,1.961805,0.99941387,0.034233267
0.173814391,80.041169,10.374494,361.500463,9.958831,0.984932271,0.172940514
2.712035499,-65.388188,12.071691,361.625486,155.388188,-0.90915027,0.41646823
0.080037902,85.414166,35.129005,361.750463,4.585834,0.996798677,0.079952475
0.580652227,56.731078,32.610152,361.875463,33.268922,0.836105036,0.548569384
-0.307438159,107.614909,33.953512,362.000486,-17.614909,0.953111956,-0.302617911
1.89658973,-18.666587,1.736108,362.125498,108.666587,-0.320060554,0.947397088
0.065284372,86.259481,37.005963,362.250463,3.740519,0.997869732,0.065238008
-0.160567446,99.199837,40.645107,362.375475,-9.199837,0.98713672,-0.159878379
3.15689132,-90.876549,22.338187,362.500498,180.876549,-0.999882978,-0.015298069
3.765667957,-125.756881,15.762584,362.625486,215.756881,-0.81150381,-0.584347128
4.63770519,-175.720934,7.799964,362.750475,265.720934,-0.074614383,-0.997212462
-0.291649335,106.710276,40.343613,362.875475,-16.710276,0.957770941,-0.287532301
-0.712180764,130.804952,5.62781,363.000475,-40.804952,0.756938579,-0.653486028
3.108873682,-88.125341,6.507402,363.125475,178.125341,-0.999464782,0.032713134
-1.412125966,170.908858,5.842801,363.250486,-80.908858,0.15800541,-0.987438246
-0.320714111,108.375565,33.580671,363.375475,-18.375565,0.949010541,-0.31524434
0.044377387,87.457363,39.582487,363.500486,2.542637,0.999015485,0.044362823
-1.55262066,178.958611,4.092775,363.625486,-88.958611,0.018174666,-0.999834827
2.48591696,-52.43255,14.94665,363.750486,142.43255,-0.792636142,0.609694962
-0.110955398,96.357276,34.903145,363.875486,-6.357276,0.993850762,-0.110727874
3.69370236,-121.633556,2.910864,364.000486,211.633556,-0.851419909,-0.524484641
3.231484912,-95.150447,18.915313,364.125475,185.150447,-0.995962411,-0.089771243
2.869191211,-74.392547,6.775657,364.250475,164.392547,-0.963127578,0.269045106
0.1158038,83.364931,33.468854,364.375486,6.635069,0.99330223,0.115545142
0.07156117,85.899847,5.694432,364.500463,4.100153,0.997440592,0.071500108
4.107910024,-145.365907,6.048778,364.625486,235.365907,-0.56833344,-0.822798336
3.570004069,-114.546166,41.402672,364.750486,204.546166,-0.909626837,-0.415426308
0.070683601,85.950128,35.700684,364.875463,4.049872,0.997502954,0.070624757