2.01E+03,1.00E+01,4.00E+00,2.00E+01,4.50E+01,0.00E+00,10/4/2010,8:45:00 PM,45.1453330
2.01E+03,1.00E+01,4.00E+00,2.10E+01,4.50E+01,0.00E+00,10/4/2010,9:45:00 PM,44.4308330
2.01E+03,1.00E+01,4.00E+00,2.20E+01,3.00E+01,0.00E+00,10/4/2010,10:30:00 PM,46.0091110
2.01E+03,1.00E+01,4.00E+00,2.30E+01,1.50E+01,0.00E+00,10/4/2010,11:15:00 PM,45.1060000
2.01E+03,1.00E+01,5.00E+00,0.00E+00,0.00E+00,0.00E+00,10/5/2010,12:00:00 AM,46.1973330
2.01E+03,1.00E+01,5.00E+00,1.00E+00,0.00E+00,0.00E+00,10/5/2010,1:00:00 AM,46.3931670
2.01E+03,1.00E+01,5.00E+00,1.00E+00,4.50E+01,0.00E+00,10/5/2010,1:45:00 AM,46.9504440
2.01E+03,1.00E+01,5.00E+00,2.00E+00,3.00E+01,0.00E+00,10/5/2010,2:30:00 AM,45.4617780
2.01E+03,1.00E+01,5.00E+00,3.00E+00,3.00E+01,0.00E+00,10/5/2010,3:30:00 AM,45.9676670
2.01E+03,1.00E+01,5.00E+00,4.00E+00,1.50E+01,0.00E+00,10/5/2010,4:15:00 AM,46.8533330
2.01E+03,1.00E+01,5.00E+00,5.00E+00,0.00E+00,0.00E+00,10/5/2010,5:00:00 AM,46.2415560
2.01E+03,1.00E+01,5.00E+00,5.00E+00,4.50E+01,0.00E+00,10/5/2010,5:45:00 AM,45.7944440
2.01E+03,1.00E+01,5.00E+00,6.00E+00,4.50E+01,0.00E+00,10/5/2010,6:45:00 AM,44.7443330
2.01E+03,1.00E+01,5.00E+00,7.00E+00,0.00E+00,0.00E+00,10/5/2010,7:00:00 AM,44.5550000
2.01E+03,1.00E+01,5.00E+00,1.20E+01,1.50E+01,0.00E+00,10/5/2010,12:15:00 PM,44.5150000
2.01E+03,1.00E+01,5.00E+00,1.30E+01,1.50E+01,0.00E+00,10/5/2010,1:15:00 PM,45.7685000
2.01E+03,1.00E+01,5.00E+00,1.40E+01,0.00E+00,0.00E+00,10/5/2010,2:00:00 PM,46.2671110
2.01E+03,1.00E+01,5.00E+00,1.40E+01,4.50E+01,0.00E+00,10/5/2010,2:45:00 PM,46.3726670
2.01E+03,1.00E+01,5.00E+00,1.50E+01,3.00E+01,0.00E+00,10/5/2010,3:30:00 PM,46.1117780
2.01E+03,1.00E+01,5.00E+00,1.60E+01,3.00E+01,0.00E+00,10/5/2010,4:30:00 PM,45.5785000
2.01E+03,1.00E+01,5.00E+00,1.70E+01,1.50E+01,0.00E+00,10/5/2010,5:15:00 PM,45.1282220
2.01E+03,1.00E+01,5.00E+00,1.80E+01,0.00E+00,0.00E+00,10/5/2010,6:00:00 PM,46.3517780
2.01E+03,1.00E+01,5.00E+00,1.90E+01,0.00E+00,0.00E+00,10/5/2010,7:00:00 PM,45.5203330
2.01E+03,1.00E+01,5.00E+00,1.90E+01,4.50E+01,0.00E+00,10/5/2010,7:45:00 PM,45.1917780
2.01E+03,1.00E+01,5.00E+00,2.00E+01,3.00E+01,0.00E+00,10/5/2010,8:30:00 PM,45.5773330
2.01E+03,1.00E+01,5.00E+00,2.10E+01,1.50E+01,0.00E+00,10/5/2010,9:15:00 PM,47.2164440
2.01E+03,1.00E+01,5.00E+00,2.20E+01,1.50E+01,0.00E+00,10/5/2010,10:15:00 PM,46.9538330
2.01E+03,1.00E+01,5.00E+00,2.30E+01,0.00E+00,0.00E+00,10/5/2010,11:00:00 PM,46.3680000
2.01E+03,1.00E+01,5.00E+00,2.30E+01,4.50E+01,0.00E+00,10/5/2010,11:45:00 PM,46.2540000
2.01E+03,1.00E+01,6.00E+00,0.00E+00,3.00E+01,0.00E+00,10/6/2010,12:30:00 AM,45.4211110
2.01E+03,1.00E+01,6.00E+00,1.00E+00,3.00E+01,0.00E+00,10/6/2010,1:30:00 AM,47.0130000
2.01E+03,1.00E+01,6.00E+00,2.00E+00,1.50E+01,0.00E+00,10/6/2010,2:15:00 AM,47.9706670
2.01E+03,1.00E+01,6.00E+00,3.00E+00,0.00E+00,0.00E+00,10/6/2010,3:00:00 AM,46.8540000
2.01E+03,1.00E+01,6.00E+00,3.00E+00,4.50E+01,0.00E+00,10/6/2010,3:45:00 AM,47.2248890
2.01E+03,1.00E+01,6.00E+00,4.00E+00,4.50E+01,0.00E+00,10/6/2010,4:45:00 AM,47.2895000
2.01E+03,1.00E+01,6.00E+00,5.00E+00,3.00E+01,0.00E+00,10/6/2010,5:30:00 AM,46.5888890
2.01E+03,1.00E+01,6.00E+00,6.00E+00,1.50E+01,0.00E+00,10/6/2010,6:15:00 AM,46.4188890
2.01E+03,1.00E+01,6.00E+00,7.00E+00,0.00E+00,0.00E+00,10/6/2010,7:00:00 AM,45.3862220
2.01E+03,1.00E+01,6.00E+00,8.00E+00,0.00E+00,0.00E+00,10/6/2010,8:00:00 AM,45.8421670
2.01E+03,1.00E+01,6.00E+00,8.00E+00,4.50E+01,0.00E+00,10/6/2010,8:45:00 AM,46.7888890
2.01E+03,1.00E+01,6.00E+00,9.00E+00,3.00E+01,0.00E+00,10/6/2010,9:30:00 AM,46.9191110
2.01E+03,1.00E+01,6.00E+00,1.00E+01,3.00E+01,0.00E+00,10/6/2010,10:30:00 AM,46.5073330
2.01E+03,1.00E+01,6.00E+00,1.10E+01,1.50E+01,0.00E+00,10/6/2010,11:15:00 AM,46.7366670
2.01E+03,1.00E+01,6.00E+00,1.20E+01,0.00E+00,0.00E+00,10/6/2010,12:00:00 PM,45.9897780
2.01E+03,1.00E+01,6.00E+00,1.20E+01,4.50E+01,0.00E+00,10/6/2010,12:45:00 PM,46.8291110
2.01E+03,1.00E+01,6.00E+00,1.30E+01,4.50E+01,0.00E+00,10/6/2010,1:45:00 PM,47.1971670
2.01E+03,1.00E+01,6.00E+00,1.40E+01,3.00E+01,0.00E+00,10/6/2010,2:30:00 PM,47.3784440
2.01E+03,1.00E+01,6.00E+00,1.50E+01,1.50E+01,0.00E+00,10/6/2010,3:15:00 PM,46.6384440
2.01E+03,1.00E+01,6.00E+00,1.60E+01,0.00E+00,0.00E+00,10/6/2010,4:00:00 PM,46.5893330
2.01E+03,1.00E+01,6.00E+00,1.70E+01,0.00E+00,0.00E+00,10/6/2010,5:00:00 PM,45.5901670
2.01E+03,1.00E+01,6.00E+00,1.70E+01,4.50E+01,0.00E+00,10/6/2010,5:45:00 PM,45.6702220
2.01E+03,1.00E+01,6.00E+00,1.80E+01,3.00E+01,0.00E+00,10/6/2010,6:30:00 PM,46.4015560
2.01E+03,1.00E+01,6.00E+00,1.90E+01,1.50E+01,0.00E+00,10/6/2010,7:15:00 PM,45.4564440
2.01E+03,1.00E+01,6.00E+00,2.00E+01,1.50E+01,0.00E+00,10/6/2010,8:15:00 PM,46.6108330
2.01E+03,1.00E+01,6.00E+00,2.10E+01,0.00E+00,0.00E+00,10/6/2010,9:00:00 PM,47.0422220
2.01E+03,1.00E+01,6.00E+00,2.10E+01,4.50E+01,0.00E+00,10/6/2010,9:45:00 PM,46.9460000
2.01E+03,1.00E+01,6.00E+00,2.20E+01,4.50E+01,0.00E+00,10/6/2010,10:45:00 PM,47.1735000
2.01E+03,1.00E+01,6.00E+00,2.30E+01,3.00E+01,0.00E+00,10/6/2010,11:30:00 PM,47.6075560
2.01E+03,1.00E+01,7.00E+00,0.00E+00,1.50E+01,0.00E+00,10/7/2010,12:15:00 AM,47.8691110
2.01E+03,1.00E+01,7.00E+00,1.00E+00,0.00E+00,0.00E+00,10/7/2010,1:00:00 AM,48.2728890
2.01E+03,1.00E+01,7.00E+00,2.00E+00,0.00E+00,0.00E+00,10/7/2010,2:00:00 AM,47.2375000
2.01E+03,1.00E+01,7.00E+00,2.00E+00,4.50E+01,0.00E+00,10/7/2010,2:45:00 AM,46.3071110
2.01E+03,1.00E+01,7.00E+00,3.00E+00,3.00E+01,0.00E+00,10/7/2010,3:30:00 AM,46.6833330
2.01E+03,1.00E+01,7.00E+00,4.00E+00,1.50E+01,0.00E+00,10/7/2010,4:15:00 AM,46.0057780
2.01E+03,1.00E+01,7.00E+00,5.00E+00,1.50E+01,0.00E+00,10/7/2010,5:15:00 AM,45.4195000
2.01E+03,1.00E+01,7.00E+00,6.00E+00,0.00E+00,0.00E+00,10/7/2010,6:00:00 AM,45.5771110
2.01E+03,1.00E+01,7.00E+00,6.00E+00,4.50E+01,0.00E+00,10/7/2010,6:45:00 AM,45.4231110
2.01E+03,1.00E+01,7.00E+00,7.00E+00,3.00E+01,0.00E+00,10/7/2010,7:30:00 AM,45.8597780
2.01E+03,1.00E+01,7.00E+00,8.00E+00,3.00E+01,0.00E+00,10/7/2010,8:30:00 AM,46.6518330
2.01E+03,1.00E+01,7.00E+00,9.00E+00,1.50E+01,0.00E+00,10/7/2010,9:15:00 AM,47.4508890
2.01E+03,1.00E+01,7.00E+00,1.00E+01,0.00E+00,0.00E+00,10/7/2010,10:00:00 AM,48.2395560
2.01E+03,1.00E+01,7.00E+00,1.00E+01,4.50E+01,0.00E+00,10/7/2010,10:45:00 AM,47.3411110
2.01E+03,1.00E+01,7.00E+00,1.10E+01,4.50E+01,0.00E+00,10/7/2010,11:45:00 AM,48.7298330
2.01E+03,1.00E+01,7.00E+00,1.20E+01,3.00E+01,0.00E+00,10/7/2010,12:30:00 PM,39.6766670
2.01E+03,1.00E+01,7.00E+00,1.30E+01,1.50E+01,0.00E+00,10/7/2010,1:15:00 PM,38.6006670
2.01E+03,1.00E+01,7.00E+00,1.40E+01,1.50E+01,0.00E+00,10/7/2010,2:15:00 PM,38.7150000
2.01E+03,1.00E+01,7.00E+00,1.50E+01,0.00E+00,0.00E+00,10/7/2010,3:00:00 PM,38.5417780
2.01E+03,1.00E+01,7.00E+00,1.50E+01,4.50E+01,0.00E+00,10/7/2010,3:45:00 PM,38.2526670
2.01E+03,1.00E+01,7.00E+00,1.60E+01,3.00E+01,0.00E+00,10/7/2010,4:30:00 PM,37.5824440
2.01E+03,1.00E+01,7.00E+00,1.70E+01,3.00E+01,0.00E+00,10/7/2010,5:30:00 PM,36.5960000
2.01E+03,1.00E+01,7.00E+00,1.80E+01,1.50E+01,0.00E+00,10/7/2010,6:15:00 PM,37.7560000
2.01E+03,1.00E+01,7.00E+00,1.90E+01,0.00E+00,0.00E+00,10/7/2010,7:00:00 PM,39.4755560
2.01E+03,1.00E+01,7.00E+00,1.90E+01,4.50E+01,0.00E+00,10/7/2010,7:45:00 PM,39.7502220
2.01E+03,1.00E+01,7.00E+00,2.00E+01,4.50E+01,0.00E+00,10/7/2010,8:45:00 PM,38.6841670
2.01E+03,1.00E+01,7.00E+00,2.10E+01,3.00E+01,0.00E+00,10/7/2010,9:30:00 PM,38.2391110
2.01E+03,1.00E+01,7.00E+00,2.20E+01,1.50E+01,0.00E+00,10/7/2010,10:15:00 PM,38.4604440
2.01E+03,1.00E+01,7.00E+00,2.30E+01,0.00E+00,0.00E+00,10/7/2010,11:00:00 PM,38.6420000
2.01E+03,1.00E+01,8.00E+00,0.00E+00,0.00E+00,0.00E+00,10/8/2010,12:00:00 AM,38.8640000
2.01E+03,1.00E+01,8.00E+00,0.00E+00,4.50E+01,0.00E+00,10/8/2010,12:45:00 AM,38.2153330
2.01E+03,1.00E+01,8.00E+00,1.00E+00,3.00E+01,0.00E+00,10/8/2010,1:30:00 AM,36.1897780
2.01E+03,1.00E+01,8.00E+00,2.00E+00,1.50E+01,0.00E+00,10/8/2010,2:15:00 AM,36.2186670
2.01E+03,1.00E+01,8.00E+00,3.00E+00,1.50E+01,0.00E+00,10/8/2010,3:15:00 AM,37.3795000
2.01E+03,1.00E+01,8.00E+00,4.00E+00,0.00E+00,0.00E+00,10/8/2010,4:00:00 AM,37.7940000
2.01E+03,1.00E+01,8.00E+00,4.00E+00,4.50E+01,0.00E+00,10/8/2010,4:45:00 AM,39.1995560
2.01E+03,1.00E+01,8.00E+00,5.00E+00,4.50E+01,0.00E+00,10/8/2010,5:45:00 AM,39.6961670
2.01E+03,1.00E+01,8.00E+00,6.00E+00,3.00E+01,0.00E+00,10/8/2010,6:30:00 AM,38.1257780
2.01E+03,1.00E+01,8.00E+00,7.00E+00,1.50E+01,0.00E+00,10/8/2010,7:15:00 AM,37.5117780
2.01E+03,1.00E+01,8.00E+00,8.00E+00,0.00E+00,0.00E+00,10/8/2010,8:00:00 AM,39.6920000
2.01E+03,1.00E+01,8.00E+00,9.00E+00,0.00E+00,0.00E+00,10/8/2010,9:00:00 AM,42.9118330
2.01E+03,1.00E+01,8.00E+00,9.00E+00,4.50E+01,0.00E+00,10/8/2010,9:45:00 AM,44.2413330
2.01E+03,1.00E+01,8.00E+00,1.00E+01,3.00E+01,0.00E+00,10/8/2010,10:30:00 AM,43.9011110
2.01E+03,1.00E+01,8.00E+00,1.10E+01,1.50E+01,0.00E+00,10/8/2010,11:15:00 AM,45.0733330
2.01E+03,1.00E+01,8.00E+00,1.20E+01,1.50E+01,0.00E+00,10/8/2010,12:15:00 PM,44.9758330
2.01E+03,1.00E+01,8.00E+00,1.30E+01,0.00E+00,0.00E+00,10/8/2010,1:00:00 PM,44.7848890
2.01E+03,1.00E+01,8.00E+00,1.30E+01,4.50E+01,0.00E+00,10/8/2010,1:45:00 PM,45.4666670
2.01E+03,1.00E+01,8.00E+00,1.40E+01,3.00E+01,0.00E+00,10/8/2010,2:30:00 PM,45.5600000
2.01E+03,1.00E+01,8.00E+00,1.50E+01,3.00E+01,0.00E+00,10/8/2010,3:30:00 PM,44.5631670
2.01E+03,1.00E+01,8.00E+00,1.60E+01,1.50E+01,0.00E+00,10/8/2010,4:15:00 PM,41.1284440
2.01E+03,1.00E+01,8.00E+00,1.70E+01,0.00E+00,0.00E+00,10/8/2010,5:00:00 PM,42.7773330
2.01E+03,1.00E+01,8.00E+00,1.70E+01,4.50E+01,0.00E+00,10/8/2010,5:45:00 PM,43.1508890
2.01E+03,1.00E+01,8.00E+00,1.80E+01,4.50E+01,0.00E+00,10/8/2010,6:45:00 PM,43.7253330
2.01E+03,1.00E+01,8.00E+00,1.90E+01,3.00E+01,0.00E+00,10/8/2010,7:30:00 PM,42.7160000
2.01E+03,1.00E+01,8.00E+00,2.00E+01,1.50E+01,0.00E+00,10/8/2010,8:15:00 PM,42.2968890
2.01E+03,1.00E+01,8.00E+00,2.10E+01,1.50E+01,0.00E+00,10/8/2010,9:15:00 PM,44.4211670
2.01E+03,1.00E+01,8.00E+00,2.20E+01,0.00E+00,0.00E+00,10/8/2010,10:00:00 PM,45.1095560
2.01E+03,1.00E+01,8.00E+00,2.20E+01,4.50E+01,0.00E+00,10/8/2010,10:45:00 PM,45.5364440
2.01E+03,1.00E+01,8.00E+00,2.30E+01,3.00E+01,0.00E+00,10/8/2010,11:30:00 PM,45.5564440
2.01E+03,1.00E+01,9.00E+00,0.00E+00,3.00E+01,0.00E+00,10/9/2010,12:30:00 AM,46.0346670
2.01E+03,1.00E+01,9.00E+00,1.00E+00,1.50E+01,0.00E+00,10/9/2010,1:15:00 AM,46.4082220
2.01E+03,1.00E+01,9.00E+00,2.00E+00,0.00E+00,0.00E+00,10/9/2010,2:00:00 AM,46.7140000
2.01E+03,1.00E+01,9.00E+00,2.00E+00,4.50E+01,0.00E+00,10/9/2010,2:45:00 AM,46.8311110
2.01E+03,1.00E+01,9.00E+00,3.00E+00,4.50E+01,0.00E+00,10/9/2010,3:45:00 AM,46.0655000
2.01E+03,1.00E+01,9.00E+00,4.00E+00,3.00E+01,0.00E+00,10/9/2010,4:30:00 AM,45.8273330
2.01E+03,1.00E+01,9.00E+00,5.00E+00,1.50E+01,0.00E+00,10/9/2010,5:15:00 AM,45.3897780
2.01E+03,1.00E+01,9.00E+00,6.00E+00,0.00E+00,0.00E+00,10/9/2010,6:00:00 AM,45.8406670
2.01E+03,1.00E+01,9.00E+00,7.00E+00,0.00E+00,0.00E+00,10/9/2010,7:00:00 AM,45.7280000
2.01E+03,1.00E+01,9.00E+00,7.00E+00,4.50E+01,0.00E+00,10/9/2010,7:45:00 AM,43.5311110
2.01E+03,1.00E+01,9.00E+00,8.00E+00,3.00E+01,0.00E+00,10/9/2010,8:30:00 AM,43.6380000
2.01E+03,1.00E+01,9.00E+00,9.00E+00,3.00E+01,0.00E+00,10/9/2010,9:30:00 AM,43.8368330
2.01E+03,1.00E+01,9.00E+00,1.00E+01,1.50E+01,0.00E+00,10/9/2010,10:15:00 AM,43.3135560
2.01E+03,1.00E+01,9.00E+00,1.10E+01,0.00E+00,0.00E+00,10/9/2010,11:00:00 AM,43.1788890
2.01E+03,1.00E+01,9.00E+00,1.10E+01,4.50E+01,0.00E+00,10/9/2010,11:45:00 AM,43.5117780
2.01E+03,1.00E+01,9.00E+00,1.20E+01,4.50E+01,0.00E+00,10/9/2010,12:45:00 PM,44.5543330
2.01E+03,1.00E+01,9.00E+00,1.30E+01,3.00E+01,0.00E+00,10/9/2010,1:30:00 PM,44.2655560
2.01E+03,1.00E+01,9.00E+00,1.40E+01,1.50E+01,0.00E+00,10/9/2010,2:15:00 PM,44.7982220
2.01E+03,1.00E+01,9.00E+00,1.50E+01,0.00E+00,0.00E+00,10/9/2010,3:00:00 PM,43.7611110
2.01E+03,1.00E+01,9.00E+00,1.60E+01,0.00E+00,0.00E+00,10/9/2010,4:00:00 PM,43.0323330
2.01E+03,1.00E+01,9.00E+00,1.60E+01,4.50E+01,0.00E+00,10/9/2010,4:45:00 PM,41.7717780
2.01E+03,1.00E+01,9.00E+00,1.70E+01,3.00E+01,0.00E+00,10/9/2010,5:30:00 PM,41.7524440
2.01E+03,1.00E+01,9.00E+00,1.80E+01,1.50E+01,0.00E+00,10/9/2010,6:15:00 PM,42.8653330
2.01E+03,1.00E+01,9.00E+00,1.90E+01,1.50E+01,0.00E+00,10/9/2010,7:15:00 PM,43.6711670
2.01E+03,1.00E+01,9.00E+00,2.00E+01,0.00E+00,0.00E+00,10/9/2010,8:00:00 PM,44.4995560
2.01E+03,1.00E+01,9.00E+00,2.00E+01,4.50E+01,0.00E+00,10/9/2010,8:45:00 PM,43.9331110
2.01E+03,1.00E+01,9.00E+00,2.10E+01,3.00E+01,0.00E+00,10/9/2010,9:30:00 PM,45.1842220
2.01E+03,1.00E+01,9.00E+00,2.20E+01,3.00E+01,0.00E+00,10/9/2010,10:30:00 PM,44.4911670
2.01E+03,1.00E+01,9.00E+00,2.30E+01,1.50E+01,0.00E+00,10/9/2010,11:15:00 PM,44.2928890
2.01E+03,1.00E+01,1.00E+01,0.00E+00,0.00E+00,0.00E+00,10/10/2010,12:00:00 AM,43.6242220
2.01E+03,1.00E+01,1.00E+01,1.00E+00,0.00E+00,0.00E+00,10/10/2010,1:00:00 AM,45.0675000
2.01E+03,1.00E+01,1.00E+01,1.00E+00,4.50E+01,0.00E+00,10/10/2010,1:45:00 AM,45.1284440
2.01E+03,1.00E+01,1.00E+01,2.00E+00,3.00E+01,0.00E+00,10/10/2010,2:30:00 AM,45.5513330
2.01E+03,1.00E+01,1.00E+01,3.00E+00,1.50E+01,0.00E+00,10/10/2010,3:15:00 AM,45.9244440
2.01E+03,1.00E+01,1.00E+01,4.00E+00,1.50E+01,0.00E+00,10/10/2010,4:15:00 AM,46.0478330
2.01E+03,1.00E+01,1.00E+01,5.00E+00,0.00E+00,0.00E+00,10/10/2010,5:00:00 AM,46.0073330
2.01E+03,1.00E+01,1.00E+01,5.00E+00,4.50E+01,0.00E+00,10/10/2010,5:45:00 AM,44.7900000
2.01E+03,1.00E+01,1.00E+01,6.00E+00,3.00E+01,0.00E+00,10/10/2010,6:30:00 AM,44.5424440
2.01E+03,1.00E+01,1.00E+01,7.00E+00,3.00E+01,0.00E+00,10/10/2010,7:30:00 AM,45.0940000
2.01E+03,1.00E+01,1.00E+01,8.00E+00,1.50E+01,0.00E+00,10/10/2010,8:15:00 AM,45.5011110
2.01E+03,1.00E+01,1.00E+01,9.00E+00,0.00E+00,0.00E+00,10/10/2010,9:00:00 AM,45.1802220
2.01E+03,1.00E+01,1.00E+01,9.00E+00,4.50E+01,0.00E+00,10/10/2010,9:45:00 AM,45.2400000
2.01E+03,1.00E+01,1.00E+01,1.00E+01,4.50E+01,0.00E+00,10/10/2010,10:45:00 AM,45.3798330
2.01E+03,1.00E+01,1.00E+01,1.10E+01,3.00E+01,0.00E+00,10/10/2010,11:30:00 AM,46.3622220
2.01E+03,1.00E+01,1.00E+01,1.20E+01,1.50E+01,0.00E+00,10/10/2010,12:15:00 PM,46.3715560
2.01E+03,1.00E+01,1.00E+01,1.30E+01,0.00E+00,0.00E+00,10/10/2010,1:00:00 PM,46.0393330
2.01E+03,1.00E+01,1.00E+01,1.40E+01,0.00E+00,0.00E+00,10/10/2010,2:00:00 PM,46.3033330
2.01E+03,1.00E+01,1.00E+01,1.40E+01,4.50E+01,0.00E+00,10/10/2010,2:45:00 PM,45.7968890
2.01E+03,1.00E+01,1.00E+01,1.50E+01,3.00E+01,0.00E+00,10/10/2010,3:30:00 PM,45.0671110
2.01E+03,1.00E+01,1.00E+01,1.60E+01,3.00E+01,0.00E+00,10/10/2010,4:30:00 PM,45.1946670
2.01E+03,1.00E+01,1.00E+01,1.70E+01,1.50E+01,0.00E+00,10/10/2010,5:15:00 PM,45.1833330
2.01E+03,1.00E+01,1.00E+01,1.80E+01,0.00E+00,0.00E+00,10/10/2010,6:00:00 PM,43.9324440
2.01E+03,1.00E+01,1.00E+01,1.80E+01,4.50E+01,0.00E+00,10/10/2010,6:45:00 PM,43.3891110
2.01E+03,1.00E+01,1.00E+01,1.90E+01,4.50E+01,0.00E+00,10/10/2010,7:45:00 PM,43.7650000
2.01E+03,1.00E+01,1.00E+01,2.00E+01,3.00E+01,0.00E+00,10/10/2010,8:30:00 PM,43.9364440
2.01E+03,1.00E+01,1.00E+01,2.10E+01,1.50E+01,0.00E+00,10/10/2010,9:15:00 PM,43.5108890
2.01E+03,1.00E+01,1.00E+01,2.20E+01,0.00E+00,0.00E+00,10/10/2010,10:00:00 PM,43.9942220
2.01E+03,1.00E+01,1.00E+01,2.30E+01,0.00E+00,0.00E+00,10/10/2010,11:00:00 PM,46.3230000
2.01E+03,1.00E+01,1.00E+01,2.30E+01,4.50E+01,0.00E+00,10/10/2010,11:45:00 PM,46.7248890
2.01E+03,1.00E+01,1.10E+01,0.00E+00,3.00E+01,0.00E+00,10/11/2010,12:30:00 AM,45.8882220
2.01E+03,1.00E+01,1.10E+01,1.00E+00,1.50E+01,0.00E+00,10/11/2010,1:15:00 AM,46.2320000
2.01E+03,1.00E+01,1.10E+01,2.00E+00,1.50E+01,0.00E+00,10/11/2010,2:15:00 AM,46.6608330
2.01E+03,1.00E+01,1.10E+01,3.00E+00,0.00E+00,0.00E+00,10/11/2010,3:00:00 AM,46.9826670
2.01E+03,1.00E+01,1.10E+01,3.00E+00,4.50E+01,0.00E+00,10/11/2010,3:45:00 AM,46.7735560
2.01E+03,1.00E+01,1.10E+01,4.00E+00,4.50E+01,0.00E+00,10/11/2010,4:45:00 AM,46.6893330
2.01E+03,1.00E+01,1.10E+01,5.00E+00,3.00E+01,0.00E+00,10/11/2010,5:30:00 AM,46.1228890
2.01E+03,1.00E+01,1.10E+01,6.00E+00,1.50E+01,0.00E+00,10/11/2010,6:15:00 AM,45.9364440
2.01E+03,1.00E+01,1.10E+01,7.00E+00,0.00E+00,0.00E+00,10/11/2010,7:00:00 AM,45.9551110
2.01E+03,1.00E+01,1.10E+01,8.00E+00,0.00E+00,0.00E+00,10/11/2010,8:00:00 AM,44.9728330
2.01E+03,1.00E+01,1.10E+01,8.00E+00,4.50E+01,0.00E+00,10/11/2010,8:45:00 AM,44.3144440
2.01E+03,1.00E+01,1.10E+01,9.00E+00,3.00E+01,0.00E+00,10/11/2010,9:30:00 AM,44.2931110
2.01E+03,1.00E+01,1.10E+01,1.00E+01,1.50E+01,0.00E+00,10/11/2010,10:15:00 AM,47.6102220
2.01E+03,1.00E+01,1.10E+01,1.10E+01,1.50E+01,0.00E+00,10/11/2010,11:15:00 AM,47.0381670
2.01E+03,1.00E+01,1.10E+01,1.20E+01,0.00E+00,0.00E+00,10/11/2010,12:00:00 PM,46.8966670
2.01E+03,1.00E+01,1.10E+01,1.20E+01,4.50E+01,0.00E+00,10/11/2010,12:45:00 PM,46.3691110
2.01E+03,1.00E+01,1.10E+01,1.30E+01,3.00E+01,0.00E+00,10/11/2010,1:30:00 PM,45.9977780
2.01E+03,1.00E+01,1.10E+01,1.40E+01,3.00E+01,0.00E+00,10/11/2010,2:30:00 PM,45.3416670
2.01E+03,1.00E+01,1.10E+01,1.50E+01,1.50E+01,0.00E+00,10/11/2010,3:15:00 PM,45.8448890
2.01E+03,1.00E+01,1.10E+01,1.60E+01,0.00E+00,0.00E+00,10/11/2010,4:00:00 PM,45.5348890
2.01E+03,1.00E+01,1.10E+01,1.60E+01,4.50E+01,0.00E+00,10/11/2010,4:45:00 PM,44.9302220
2.01E+03,1.00E+01,1.10E+01,1.70E+01,4.50E+01,0.00E+00,10/11/2010,5:45:00 PM,44.4335000
2.01E+03,1.00E+01,1.10E+01,1.80E+01,3.00E+01,0.00E+00,10/11/2010,6:30:00 PM,43.5451110
2.01E+03,1.00E+01,1.10E+01,1.90E+01,1.50E+01,0.00E+00,10/11/2010,7:15:00 PM,43.2024440
2.01E+03,1.00E+01,1.10E+01,2.00E+01,1.50E+01,0.00E+00,10/11/2010,8:15:00 PM,42.8056670
2.01E+03,1.00E+01,1.10E+01,2.10E+01,0.00E+00,0.00E+00,10/11/2010,9:00:00 PM,42.5991110
2.01E+03,1.00E+01,1.10E+01,2.10E+01,4.50E+01,0.00E+00,10/11/2010,9:45:00 PM,42.9726670
2.01E+03,1.00E+01,1.10E+01,2.20E+01,3.00E+01,0.00E+00,10/11/2010,10:30:00 PM,43.6822220
2.01E+03,1.00E+01,1.10E+01,2.30E+01,3.00E+01,0.00E+00,10/11/2010,11:30:00 PM,41.7476670
2.01E+03,1.00E+01,1.20E+01,0.00E+00,1.50E+01,0.00E+00,10/12/2010,12:15:00 AM,40.2451110
2.01E+03,1.00E+01,1.20E+01,1.00E+00,0.00E+00,0.00E+00,10/12/2010,1:00:00 AM,41.8684440
2.01E+03,1.00E+01,1.20E+01,1.00E+00,4.50E+01,0.00E+00,10/12/2010,1:45:00 AM,43.2697780
2.01E+03,1.00E+01,1.20E+01,2.00E+00,4.50E+01,0.00E+00,10/12/2010,2:45:00 AM,43.6878330
2.01E+03,1.00E+01,1.20E+01,3.00E+00,3.00E+01,0.00E+00,10/12/2010,3:30:00 AM,43.3171110
2.01E+03,1.00E+01,1.20E+01,4.00E+00,1.50E+01,0.00E+00,10/12/2010,4:15:00 AM,44.2937780
2.01E+03,1.00E+01,1.20E+01,5.00E+00,0.00E+00,0.00E+00,10/12/2010,5:00:00 AM,45.0322220
2.01E+03,1.00E+01,1.20E+01,6.00E+00,0.00E+00,0.00E+00,10/12/2010,6:00:00 AM,44.1223330
2.01E+03,1.00E+01,1.20E+01,6.00E+00,4.50E+01,0.00E+00,10/12/2010,6:45:00 AM,43.2382220
2.01E+03,1.00E+01,1.20E+01,7.00E+00,3.00E+01,0.00E+00,10/12/2010,7:30:00 AM,44.4528890
2.01E+03,1.00E+01,1.20E+01,8.00E+00,1.50E+01,0.00E+00,10/12/2010,8:15:00 AM,42.3033330
2.01E+03,1.00E+01,1.20E+01,9.00E+00,1.50E+01,0.00E+00,10/12/2010,9:15:00 AM,41.4850000
2.01E+03,1.00E+01,1.20E+01,1.00E+01,0.00E+00,0.00E+00,10/12/2010,10:00:00 AM,41.7102220
2.01E+03,1.00E+01,1.20E+01,1.00E+01,4.50E+01,0.00E+00,10/12/2010,10:45:00 AM,41.5717780
2.01E+03,1.00E+01,1.20E+01,1.10E+01,4.50E+01,0.00E+00,10/12/2010,11:45:00 AM,40.4588330
2.01E+03,1.00E+01,1.20E+01,1.20E+01,3.00E+01,0.00E+00,10/12/2010,12:30:00 PM,40.8782220
2.01E+03,1.00E+01,1.20E+01,1.30E+01,1.50E+01,0.00E+00,10/12/2010,1:15:00 PM,43.1111110
2.01E+03,1.00E+01,1.20E+01,1.40E+01,0.00E+00,0.00E+00,10/12/2010,2:00:00 PM,43.6757780
2.01E+03,1.00E+01,1.20E+01,1.50E+01,0.00E+00,0.00E+00,10/12/2010,3:00:00 PM,44.2215000
2.01E+03,1.00E+01,1.20E+01,1.50E+01,4.50E+01,0.00E+00,10/12/2010,3:45:00 PM,44.5262220
2.01E+03,1.00E+01,1.20E+01,1.60E+01,3.00E+01,0.00E+00,10/12/2010,4:30:00 PM,43.4135560
2.01E+03,1.00E+01,1.20E+01,1.70E+01,1.50E+01,0.00E+00,10/12/2010,5:15:00 PM,42.5964440
2.01E+03,1.00E+01,1.20E+01,1.80E+01,1.50E+01,0.00E+00,10/12/2010,6:15:00 PM,42.8580000
2.01E+03,1.00E+01,1.20E+01,1.90E+01,0.00E+00,0.00E+00,10/12/2010,7:00:00 PM,43.3875560
2.01E+03,1.00E+01,1.20E+01,1.90E+01,4.50E+01,0.00E+00,10/12/2010,7:45:00 PM,42.2151110
2.01E+03,1.00E+01,1.20E+01,2.00E+01,3.00E+01,0.00E+00,10/12/2010,8:30:00 PM,41.9360000
2.01E+03,1.00E+01,1.20E+01,2.10E+01,3.00E+01,0.00E+00,10/12/2010,9:30:00 PM,41.1645000
2.01E+03,1.00E+01,1.20E+01,2.20E+01,1.50E+01,0.00E+00,10/12/2010,10:15:00 PM,41.3606670
2.01E+03,1.00E+01,1.20E+01,2.30E+01,0.00E+00,0.00E+00,10/12/2010,11:00:00 PM,42.2500000
2.01E+03,1.00E+01,1.20E+01,2.30E+01,4.50E+01,0.00E+00,10/12/2010,11:45:00 PM,43.2448890
2.01E+03,1.00E+01,1.30E+01,0.00E+00,4.50E+01,0.00E+00,10/13/2010,12:45:00 AM,43.1665000
2.01E+03,1.00E+01,1.30E+01,1.00E+00,3.00E+01,0.00E+00,10/13/2010,1:30:00 AM,43.5671110
2.01E+03,1.00E+01,1.30E+01,2.00E+00,1.50E+01,0.00E+00,10/13/2010,2:15:00 AM,44.8808890
2.01E+03,1.00E+01,1.30E+01,3.00E+00,1.50E+01,0.00E+00,10/13/2010,3:15:00 AM,45.5061670
2.01E+03,1.00E+01,1.30E+01,4.00E+00,0.00E+00,0.00E+00,10/13/2010,4:00:00 AM,45.4246670
2.01E+03,1.00E+01,1.30E+01,4.00E+00,4.50E+01,0.00E+00,10/13/2010,4:45:00 AM,45.5864440
2.01E+03,1.00E+01,1.30E+01,5.00E+00,3.00E+01,0.00E+00,10/13/2010,5:30:00 AM,45.1686670
2.01E+03,1.00E+01,1.30E+01,6.00E+00,3.00E+01,0.00E+00,10/13/2010,6:30:00 AM,45.9793330
2.01E+03,1.00E+01,1.30E+01,7.00E+00,1.50E+01,0.00E+00,10/13/2010,7:15:00 AM,46.2468890
2.01E+03,1.00E+01,1.30E+01,8.00E+00,0.00E+00,0.00E+00,10/13/2010,8:00:00 AM,46.5660000
2.01E+03,1.00E+01,1.30E+01,8.00E+00,4.50E+01,0.00E+00,10/13/2010,8:45:00 AM,46.1713330
2.01E+03,1.00E+01,1.30E+01,9.00E+00,4.50E+01,0.00E+00,10/13/2010,9:45:00 AM,46.9536670
2.01E+03,1.00E+01,1.30E+01,1.00E+01,3.00E+01,0.00E+00,10/13/2010,10:30:00 AM,46.6497780
2.01E+03,1.00E+01,1.30E+01,1.10E+01,1.50E+01,0.00E+00,10/13/2010,11:15:00 AM,46.9588890
2.01E+03,1.00E+01,1.30E+01,1.20E+01,0.00E+00,0.00E+00,10/13/2010,12:00:00 PM,47.6024440
2.01E+03,1.00E+01,1.30E+01,1.30E+01,0.00E+00,0.00E+00,10/13/2010,1:00:00 PM,47.8693330
2.01E+03,1.00E+01,1.30E+01,1.30E+01,4.50E+01,0.00E+00,10/13/2010,1:45:00 PM,47.6668890
2.01E+03,1.00E+01,1.30E+01,1.40E+01,3.00E+01,0.00E+00,10/13/2010,2:30:00 PM,47.7091110
2.01E+03,1.00E+01,1.30E+01,1.50E+01,3.00E+01,0.00E+00,10/13/2010,3:30:00 PM,47.9475000
2.01E+03,1.00E+01,1.30E+01,1.60E+01,1.50E+01,0.00E+00,10/13/2010,4:15:00 PM,47.7802220
2.01E+03,1.00E+01,1.30E+01,1.70E+01,0.00E+00,0.00E+00,10/13/2010,5:00:00 PM,47.7268890
2.01E+03,1.00E+01,1.30E+01,1.70E+01,4.50E+01,0.00E+00,10/13/2010,5:45:00 PM,47.4426670
2.01E+03,1.00E+01,1.30E+01,1.80E+01,4.50E+01,0.00E+00,10/13/2010,6:45:00 PM,46.4686670
2.01E+03,1.00E+01,1.30E+01,1.90E+01,3.00E+01,0.00E+00,10/13/2010,7:30:00 PM,45.8564440
2.01E+03,1.00E+01,1.30E+01,2.00E+01,1.50E+01,0.00E+00,10/13/2010,8:15:00 PM,46.6548890
2.01E+03,1.00E+01,1.30E+01,2.10E+01,0.00E+00,0.00E+00,10/13/2010,9:00:00 PM,45.7682220
2.01E+03,1.00E+01,1.30E+01,2.20E+01,0.00E+00,0.00E+00,10/13/2010,10:00:00 PM,45.2885000
2.01E+03,1.00E+01,1.30E+01,2.20E+01,4.50E+01,0.00E+00,10/13/2010,10:45:00 PM,45.8824440
2.01E+03,1.00E+01,1.30E+01,2.30E+01,3.00E+01,0.00E+00,10/13/2010,11:30:00 PM,47.0417780
2.01E+03,1.00E+01,1.40E+01,0.00E+00,1.50E+01,0.00E+00,10/14/2010,12:15:00 AM,46.8653330
2.01E+03,1.00E+01,1.40E+01,1.00E+00,1.50E+01,0.00E+00,10/14/2010,1:15:00 AM,46.7740000
2.01E+03,1.00E+01,1.40E+01,2.00E+00,0.00E+00,0.00E+00,10/14/2010,2:00:00 AM,46.0253330
2.01E+03,1.00E+01,1.40E+01,2.00E+00,4.50E+01,0.00E+00,10/14/2010,2:45:00 AM,46.6813330
2.01E+03,1.00E+01,1.40E+01,3.00E+00,3.00E+01,0.00E+00,10/14/2010,3:30:00 AM,47.2348890
2.01E+03,1.00E+01,1.40E+01,4.00E+00,3.00E+01,0.00E+00,10/14/2010,4:30:00 AM,47.9490000
2.01E+03,1.00E+01,1.40E+01,5.00E+00,1.50E+01,0.00E+00,10/14/2010,5:15:00 AM,48.6277780
2.01E+03,1.00E+01,1.40E+01,6.00E+00,0.00E+00,0.00E+00,10/14/2010,6:00:00 AM,49.4440000
2.01E+03,1.00E+01,1.40E+01,7.00E+00,0.00E+00,0.00E+00,10/14/2010,7:00:00 AM,48.7731670
2.01E+03,1.00E+01,1.40E+01,7.00E+00,4.50E+01,0.00E+00,10/14/2010,7:45:00 AM,45.0873330
2.01E+03,1.00E+01,1.40E+01,8.00E+00,3.00E+01,0.00E+00,10/14/2010,8:30:00 AM,45.2317780
2.01E+03,1.00E+01,1.40E+01,9.00E+00,1.50E+01,0.00E+00,10/14/2010,9:15:00 AM,46.6375560
2.01E+03,1.00E+01,1.40E+01,1.00E+01,1.50E+01,0.00E+00,10/14/2010,10:15:00 AM,45.1241670
2.01E+03,1.00E+01,1.40E+01,1.10E+01,0.00E+00,0.00E+00,10/14/2010,11:00:00 AM,46.3588890
2.01E+03,1.00E+01,1.40E+01,1.10E+01,4.50E+01,0.00E+00,10/14/2010,11:45:00 AM,47.0500000
2.01E+03,1.00E+01,1.40E+01,1.20E+01,3.00E+01,0.00E+00,10/14/2010,12:30:00 PM,46.5195560
2.01E+03,1.00E+01,1.40E+01,1.30E+01,3.00E+01,0.00E+00,10/14/2010,1:30:00 PM,46.2368330
2.01E+03,1.00E+01,1.40E+01,1.40E+01,1.50E+01,0.00E+00,10/14/2010,2:15:00 PM,47.2444440
2.01E+03,1.00E+01,1.40E+01,1.50E+01,0.00E+00,0.00E+00,10/14/2010,3:00:00 PM,46.4973330
2.01E+03,1.00E+01,1.40E+01,1.50E+01,4.50E+01,0.00E+00,10/14/2010,3:45:00 PM,46.2680000
2.01E+03,1.00E+01,1.40E+01,1.60E+01,4.50E+01,0.00E+00,10/14/2010,4:45:00 PM,46.4125000
2.01E+03,1.00E+01,1.40E+01,1.70E+01,3.00E+01,0.00E+00,10/14/2010,5:30:00 PM,46.3597780
2.01E+03,1.00E+01,1.40E+01,1.80E+01,1.50E+01,0.00E+00,10/14/2010,6:15:00 PM,46.5002220
2.01E+03,1.00E+01,1.40E+01,1.90E+01,0.00E+00,0.00E+00,10/14/2010,7:00:00 PM,47.2431110
2.01E+03,1.00E+01,1.40E+01,2.00E+01,0.00E+00,0.00E+00,10/14/2010,8:00:00 PM,47.0826670
2.01E+03,1.00E+01,1.40E+01,2.00E+01,4.50E+01,0.00E+00,10/14/2010,8:45:00 PM,47.7855560
2.01E+03,1.00E+01,1.40E+01,2.10E+01,3.00E+01,0.00E+00,10/14/2010,9:30:00 PM,47.6177780
2.01E+03,1.00E+01,1.40E+01,2.20E+01,3.00E+01,0.00E+00,10/14/2010,10:30:00 PM,47.5580000
2.01E+03,1.00E+01,1.40E+01,2.30E+01,1.50E+01,0.00E+00,10/14/2010,11:15:00 PM,47.5013330
2.01E+03,1.00E+01,1.50E+01,0.00E+00,0.00E+00,0.00E+00,10/15/2010,12:00:00 AM,47.3397780
2.01E+03,1.00E+01,1.50E+01,0.00E+00,4.50E+01,0.00E+00,10/15/2010,12:45:00 AM,47.6433330
2.01E+03,1.00E+01,1.50E+01,1.00E+00,4.50E+01,0.00E+00,10/15/2010,1:45:00 AM,48.4650000
2.01E+03,1.00E+01,1.50E+01,2.00E+00,3.00E+01,0.00E+00,10/15/2010,2:30:00 AM,48.7457780
2.01E+03,1.00E+01,1.50E+01,3.00E+00,1.50E+01,0.00E+00,10/15/2010,3:15:00 AM,48.1202220
2.01E+03,1.00E+01,1.50E+01,4.00E+00,0.00E+00,0.00E+00,10/15/2010,4:00:00 AM,49.7095560
2.01E+03,1.00E+01,1.50E+01,5.00E+00,0.00E+00,0.00E+00,10/15/2010,5:00:00 AM,49.0521670
2.01E+03,1.00E+01,1.50E+01,5.00E+00,4.50E+01,0.00E+00,10/15/2010,5:45:00 AM,48.0904440
2.01E+03,1.00E+01,1.50E+01,6.00E+00,3.00E+01,0.00E+00,10/15/2010,6:30:00 AM,48.4017780
2.01E+03,1.00E+01,1.50E+01,7.00E+00,1.50E+01,0.00E+00,10/15/2010,7:15:00 AM,48.6428890
2.01E+03,1.00E+01,1.50E+01,8.00E+00,1.50E+01,0.00E+00,10/15/2010,8:15:00 AM,46.4956670
2.01E+03,1.00E+01,1.50E+01,9.00E+00,0.00E+00,0.00E+00,10/15/2010,9:00:00 AM,48.0384440
2.01E+03,1.00E+01,1.50E+01,9.00E+00,4.50E+01,0.00E+00,10/15/2010,9:45:00 AM,49.5697780
2.01E+03,1.00E+01,1.50E+01,1.00E+01,4.50E+01,0.00E+00,10/15/2010,10:45:00 AM,49.8146670
2.01E+03,1.00E+01,1.50E+01,1.10E+01,3.00E+01,0.00E+00,10/15/2010,11:30:00 AM,49.7993330
2.01E+03,1.00E+01,1.50E+01,1.20E+01,1.50E+01,0.00E+00,10/15/2010,12:15:00 PM,48.4564440
2.01E+03,1.00E+01,1.50E+01,1.30E+01,0.00E+00,0.00E+00,10/15/2010,1:00:00 PM,47.4442220
2.01E+03,1.00E+01,1.50E+01,1.40E+01,0.00E+00,0.00E+00,10/15/2010,2:00:00 PM,48.4570000
2.01E+03,1.00E+01,1.50E+01,1.40E+01,4.50E+01,0.00E+00,10/15/2010,2:45:00 PM,48.7053330
2.01E+03,1.00E+01,1.50E+01,1.50E+01,3.00E+01,0.00E+00,10/15/2010,3:30:00 PM,47.9126670
2.01E+03,1.00E+01,1.50E+01,1.60E+01,1.50E+01,0.00E+00,10/15/2010,4:15:00 PM,49.2600000
2.01E+03,1.00E+01,1.50E+01,1.70E+01,1.50E+01,0.00E+00,10/15/2010,5:15:00 PM,49.4645000
2.01E+03,1.00E+01,1.50E+01,1.80E+01,0.00E+00,0.00E+00,10/15/2010,6:00:00 PM,49.2322220
2.01E+03,1.00E+01,1.50E+01,1.80E+01,4.50E+01,0.00E+00,10/15/2010,6:45:00 PM,48.5113330
2.01E+03,1.00E+01,1.50E+01,1.90E+01,3.00E+01,0.00E+00,10/15/2010,7:30:00 PM,49.7691110
2.01E+03,1.00E+01,1.50E+01,2.00E+01,3.00E+01,0.00E+00,10/15/2010,8:30:00 PM,47.6670000
2.01E+03,1.00E+01,1.50E+01,2.10E+01,1.50E+01,0.00E+00,10/15/2010,9:15:00 PM,47.2191110
2.01E+03,1.00E+01,1.50E+01,2.20E+01,0.00E+00,0.00E+00,10/15/2010,10:00:00 PM,48.0211110
2.01E+03,1.00E+01,1.50E+01,2.20E+01,4.50E+01,0.00E+00,10/15/2010,10:45:00 PM,47.8946670
2.01E+03,1.00E+01,1.50E+01,2.30E+01,4.50E+01,0.00E+00,10/15/2010,11:45:00 PM,46.6918330
2.01E+03,1.00E+01,1.60E+01,0.00E+00,3.00E+01,0.00E+00,10/16/2010,12:30:00 AM,47.4188890
2.01E+03,1.00E+01,1.60E+01,1.00E+00,1.50E+01,0.00E+00,10/16/2010,1:15:00 AM,46.1817780
2.01E+03,1.00E+01,1.60E+01,2.00E+00,1.50E+01,0.00E+00,10/16/2010,2:15:00 AM,45.7701670
2.01E+03,1.00E+01,1.60E+01,3.00E+00,0.00E+00,0.00E+00,10/16/2010,3:00:00 AM,45.3293330
2.01E+03,1.00E+01,1.60E+01,3.00E+00,4.50E+01,0.00E+00,10/16/2010,3:45:00 AM,44.6286670
2.01E+03,1.00E+01,1.60E+01,4.00E+00,3.00E+01,0.00E+00,10/16/2010,4:30:00 AM,44.7424440
2.01E+03,1.00E+01,1.60E+01,5.00E+00,3.00E+01,0.00E+00,10/16/2010,5:30:00 AM,45.0106670
2.01E+03,1.00E+01,1.60E+01,6.00E+00,1.50E+01,0.00E+00,10/16/2010,6:15:00 AM,45.7306670
2.01E+03,1.00E+01,1.60E+01,7.00E+00,0.00E+00,0.00E+00,10/16/2010,7:00:00 AM,46.1102220
2.01E+03,1.00E+01,1.60E+01,7.00E+00,4.50E+01,0.00E+00,10/16/2010,7:45:00 AM,47.2728890
2.01E+03,1.00E+01,1.60E+01,8.00E+00,4.50E+01,0.00E+00,10/16/2010,8:45:00 AM,47.5661670
2.01E+03,1.00E+01,1.60E+01,9.00E+00,3.00E+01,0.00E+00,10/16/2010,9:30:00 AM,49.4960000
2.01E+03,1.00E+01,1.60E+01,1.00E+01,1.50E+01,0.00E+00,10/16/2010,10:15:00 AM,48.6797780
2.01E+03,1.00E+01,1.60E+01,1.10E+01,0.00E+00,0.00E+00,10/16/2010,11:00:00 AM,48.5013330
2.01E+03,1.00E+01,1.60E+01,1.20E+01,0.00E+00,0.00E+00,10/16/2010,12:00:00 PM,48.4418330
2.01E+03,1.00E+01,1.60E+01,1.20E+01,4.50E+01,0.00E+00,10/16/2010,12:45:00 PM,46.7697780
2.01E+03,1.00E+01,1.60E+01,1.30E+01,3.00E+01,0.00E+00,10/16/2010,1:30:00 PM,44.9477780
2.01E+03,1.00E+01,1.60E+01,1.40E+01,1.50E+01,0.00E+00,10/16/2010,2:15:00 PM,45.3993330
2.01E+03,1.00E+01,1.60E+01,1.50E+01,1.50E+01,0.00E+00,10/16/2010,3:15:00 PM,44.5951670
2.01E+03,1.00E+01,1.60E+01,1.60E+01,0.00E+00,0.00E+00,10/16/2010,4:00:00 PM,43.8982220
2.01E+03,1.00E+01,1.60E+01,1.60E+01,4.50E+01,0.00E+00,10/16/2010,4:45:00 PM,43.8904440
2.01E+03,1.00E+01,1.60E+01,1.70E+01,4.50E+01,0.00E+00,10/16/2010,5:45:00 PM,46.0375000
2.01E+03,1.00E+01,1.60E+01,1.80E+01,3.00E+01,0.00E+00,10/16/2010,6:30:00 PM,44.9171110
2.01E+03,1.00E+01,1.60E+01,1.90E+01,1.50E+01,0.00E+00,10/16/2010,7:15:00 PM,42.1417780
2.01E+03,1.00E+01,1.60E+01,2.00E+01,0.00E+00,0.00E+00,10/16/2010,8:00:00 PM,42.7217780
2.01E+03,1.00E+01,1.60E+01,2.10E+01,0.00E+00,0.00E+00,10/16/2010,9:00:00 PM,42.3426670
2.01E+03,1.00E+01,1.60E+01,2.10E+01,4.50E+01,0.00E+00,10/16/2010,9:45:00 PM,43.4824440
2.01E+03,1.00E+01,1.60E+01,2.20E+01,3.00E+01,0.00E+00,10/16/2010,10:30:00 PM,42.9202220
2.01E+03,1.00E+01,1.60E+01,2.30E+01,1.50E+01,0.00E+00,10/16/2010,11:15:00 PM,42.3780000
2.01E+03,1.00E+01,1.70E+01,0.00E+00,1.50E+01,0.00E+00,10/17/2010,12:15:00 AM,41.8001670
2.01E+03,1.00E+01,1.70E+01,1.00E+00,0.00E+00,0.00E+00,10/17/2010,1:00:00 AM,42.2202220
2.01E+03,1.00E+01,1.70E+01,1.00E+00,4.50E+01,0.00E+00,10/17/2010,1:45:00 AM,42.6144440
2.01E+03,1.00E+01,1.70E+01,2.00E+00,3.00E+01,0.00E+00,10/17/2010,2:30:00 AM,43.7713330
2.01E+03,1.00E+01,1.70E+01,3.00E+00,3.00E+01,0.00E+00,10/17/2010,3:30:00 AM,42.7241670
2.01E+03,1.00E+01,1.70E+01,4.00E+00,1.50E+01,0.00E+00,10/17/2010,4:15:00 AM,42.0326670
2.01E+03,1.00E+01,1.70E+01,5.00E+00,0.00E+00,0.00E+00,10/17/2010,5:00:00 AM,42.2088890
2.01E+03,1.00E+01,1.70E+01,5.00E+00,4.50E+01,0.00E+00,10/17/2010,5:45:00 AM,42.8737780
2.01E+03,1.00E+01,1.70E+01,6.00E+00,4.50E+01,0.00E+00,10/17/2010,6:45:00 AM,43.0155000
2.01E+03,1.00E+01,1.70E+01,7.00E+00,3.00E+01,0.00E+00,10/17/2010,7:30:00 AM,42.9068890
2.01E+03,1.00E+01,1.70E+01,8.00E+00,1.50E+01,0.00E+00,10/17/2010,8:15:00 AM,43.7366670
2.01E+03,1.00E+01,1.70E+01,9.00E+00,1.50E+01,0.00E+00,10/17/2010,9:15:00 AM,44.1073330
2.01E+03,1.00E+01,1.70E+01,1.00E+01,0.00E+00,0.00E+00,10/17/2010,10:00:00 AM,43.8948890
2.01E+03,1.00E+01,1.70E+01,1.00E+01,4.50E+01,0.00E+00,10/17/2010,10:45:00 AM,44.5651110
2.01E+03,1.00E+01,1.70E+01,1.10E+01,3.00E+01,0.00E+00,10/17/2010,11:30:00 AM,43.1100000
2.01E+03,1.00E+01,1.70E+01,1.20E+01,3.00E+01,0.00E+00,10/17/2010,12:30:00 PM,44.3931670
2.01E+03,1.00E+01,1.70E+01,1.30E+01,1.50E+01,0.00E+00,10/17/2010,1:15:00 PM,44.3022220
2.01E+03,1.00E+01,1.70E+01,1.40E+01,0.00E+00,0.00E+00,10/17/2010,2:00:00 PM,45.9357780
2.01E+03,1.00E+01,1.70E+01,1.40E+01,4.50E+01,0.00E+00,10/17/2010,2:45:00 PM,42.9095560
2.01E+03,1.00E+01,1.70E+01,1.50E+01,4.50E+01,0.00E+00,10/17/2010,3:45:00 PM,45.2323330
2.01E+03,1.00E+01,1.70E+01,1.60E+01,3.00E+01,0.00E+00,10/17/2010,4:30:00 PM,45.4368890
2.01E+03,1.00E+01,1.70E+01,1.70E+01,1.50E+01,0.00E+00,10/17/2010,5:15:00 PM,45.3231110
2.01E+03,1.00E+01,1.70E+01,1.80E+01,0.00E+00,0.00E+00,10/17/2010,6:00:00 PM,45.7333330
2.01E+03,1.00E+01,1.70E+01,1.90E+01,0.00E+00,0.00E+00,10/17/2010,7:00:00 PM,46.6226670
2.01E+03,1.00E+01,1.70E+01,1.90E+01,4.50E+01,0.00E+00,10/17/2010,7:45:00 PM,45.1940000
2.01E+03,1.00E+01,1.70E+01,2.00E+01,3.00E+01,0.00E+00,10/17/2010,8:30:00 PM,46.0037780
2.01E+03,1.00E+01,1.70E+01,2.10E+01,3.00E+01,0.00E+00,10/17/2010,9:30:00 PM,46.9356670
2.01E+03,1.00E+01,1.70E+01,2.20E+01,1.50E+01,0.00E+00,10/17/2010,10:15:00 PM,47.4657780
2.01E+03,1.00E+01,1.70E+01,2.30E+01,0.00E+00,0.00E+00,10/17/2010,11:00:00 PM,48.0286670
2.01E+03,1.00E+01,1.70E+01,2.30E+01,4.50E+01,0.00E+00,10/17/2010,11:45:00 PM,48.0688890
2.01E+03,1.00E+01,1.80E+01,0.00E+00,4.50E+01,0.00E+00,10/18/2010,12:45:00 AM,48.8146670
2.01E+03,1.00E+01,1.80E+01,1.00E+00,3.00E+01,0.00E+00,10/18/2010,1:30:00 AM,48.6408890
2.01E+03,1.00E+01,1.80E+01,2.00E+00,1.50E+01,0.00E+00,10/18/2010,2:15:00 AM,49.0997780
2.01E+03,1.00E+01,1.80E+01,3.00E+00,0.00E+00,0.00E+00,10/18/2010,3:00:00 AM,48.0031110
2.01E+03,1.00E+01,1.80E+01,4.00E+00,0.00E+00,0.00E+00,10/18/2010,4:00:00 AM,47.7955000
2.01E+03,1.00E+01,1.80E+01,4.00E+00,4.50E+01,0.00E+00,10/18/2010,4:45:00 AM,47.9320000
2.01E+03,1.00E+01,1.80E+01,5.00E+00,3.00E+01,0.00E+00,10/18/2010,5:30:00 AM,47.8444440
2.01E+03,1.00E+01,1.80E+01,6.00E+00,1.50E+01,0.00E+00,10/18/2010,6:15:00 AM,48.3015560
2.01E+03,1.00E+01,1.80E+01,7.00E+00,1.50E+01,0.00E+00,10/18/2010,7:15:00 AM,48.4185000
2.01E+03,1.00E+01,1.80E+01,8.00E+00,0.00E+00,0.00E+00,10/18/2010,8:00:00 AM,48.5708890
2.01E+03,1.00E+01,1.80E+01,8.00E+00,4.50E+01,0.00E+00,10/18/2010,8:45:00 AM,48.6457780
2.01E+03,1.00E+01,1.80E+01,9.00E+00,3.00E+01,0.00E+00,10/18/2010,9:30:00 AM,46.9146670
2.01E+03,1.00E+01,1.80E+01,1.00E+01,3.00E+01,0.00E+00,10/18/2010,10:30:00 AM,46.4325000
2.01E+03,1.00E+01,1.80E+01,1.10E+01,1.50E+01,0.00E+00,10/18/2010,11:15:00 AM,46.8015560
2.01E+03,1.00E+01,1.80E+01,1.20E+01,0.00E+00,0.00E+00,10/18/2010,12:00:00 PM,45.9444440
2.01E+03,1.00E+01,1.80E+01,1.30E+01,0.00E+00,0.00E+00,10/18/2010,1:00:00 PM,45.2036670
2.01E+03,1.00E+01,1.80E+01,1.30E+01,4.50E+01,0.00E+00,10/18/2010,1:45:00 PM,44.4560000
2.01E+03,1.00E+01,1.80E+01,1.40E+01,3.00E+01,0.00E+00,10/18/2010,2:30:00 PM,45.6420000
2.01E+03,1.00E+01,1.80E+01,1.50E+01,1.50E+01,0.00E+00,10/18/2010,3:15:00 PM,46.7744440
2.01E+03,1.00E+01,1.80E+01,1.60E+01,1.50E+01,0.00E+00,10/18/2010,4:15:00 PM,43.7613330
2.01E+03,1.00E+01,1.80E+01,1.70E+01,0.00E+00,0.00E+00,10/18/2010,5:00:00 PM,44.1497780
2.01E+03,1.00E+01,1.80E+01,1.70E+01,4.50E+01,0.00E+00,10/18/2010,5:45:00 PM,44.7995560
2.01E+03,1.00E+01,1.80E+01,1.80E+01,3.00E+01,0.00E+00,10/18/2010,6:30:00 PM,44.8275560
2.01E+03,1.00E+01,1.80E+01,1.90E+01,3.00E+01,0.00E+00,10/18/2010,7:30:00 PM,47.2425000
2.01E+03,1.00E+01,1.80E+01,2.00E+01,1.50E+01,0.00E+00,10/18/2010,8:15:00 PM,47.7515560
2.01E+03,1.00E+01,1.80E+01,2.10E+01,0.00E+00,0.00E+00,10/18/2010,9:00:00 PM,46.8102220
2.01E+03,1.00E+01,1.80E+01,2.10E+01,4.50E+01,0.00E+00,10/18/2010,9:45:00 PM,47.2148890
2.01E+03,1.00E+01,1.80E+01,2.20E+01,4.50E+01,0.00E+00,10/18/2010,10:45:00 PM,46.6730000
2.01E+03,1.00E+01,1.80E+01,2.30E+01,3.00E+01,0.00E+00,10/18/2010,11:30:00 PM,46.6877780
2.01E+03,1.00E+01,1.90E+01,0.00E+00,1.50E+01,0.00E+00,10/19/2010,12:15:00 AM,48.7851110
2.01E+03,1.00E+01,1.90E+01,1.00E+00,0.00E+00,0.00E+00,10/19/2010,1:00:00 AM,46.5737780
2.01E+03,1.00E+01,1.90E+01,2.00E+00,0.00E+00,0.00E+00,10/19/2010,2:00:00 AM,46.7488330
2.01E+03,1.00E+01,1.90E+01,2.00E+00,4.50E+01,0.00E+00,10/19/2010,2:45:00 AM,46.0155560
2.01E+03,1.00E+01,1.90E+01,3.00E+00,3.00E+01,0.00E+00,10/19/2010,3:30:00 AM,46.4900000
2.01E+03,1.00E+01,1.90E+01,4.00E+00,3.00E+01,0.00E+00,10/19/2010,4:30:00 AM,45.7236670
2.01E+03,1.00E+01,1.90E+01,5.00E+00,1.50E+01,0.00E+00,10/19/2010,5:15:00 AM,44.8551110
2.01E+03,1.00E+01,1.90E+01,6.00E+00,0.00E+00,0.00E+00,10/19/2010,6:00:00 AM,45.2302220
2.01E+03,1.00E+01,1.90E+01,6.00E+00,4.50E+01,0.00E+00,10/19/2010,6:45:00 AM,46.7933330
2.01E+03,1.00E+01,1.90E+01,7.00E+00,4.50E+01,0.00E+00,10/19/2010,7:45:00 AM,54.8950000
2.01E+03,1.00E+01,1.90E+01,8.00E+00,3.00E+01,0.00E+00,10/19/2010,8:30:00 AM,56.0148890
2.01E+03,1.00E+01,1.90E+01,9.00E+00,1.50E+01,0.00E+00,10/19/2010,9:15:00 AM,56.0835560
2.01E+03,1.00E+01,1.90E+01,1.00E+01,0.00E+00,0.00E+00,10/19/2010,10:00:00 AM,56.3588890
2.01E+03,1.00E+01,1.90E+01,1.10E+01,0.00E+00,0.00E+00,10/19/2010,11:00:00 AM,51.7220000
2.01E+03,1.00E+01,1.90E+01,1.10E+01,4.50E+01,0.00E+00,10/19/2010,11:45:00 AM,46.7142220
2.01E+03,1.00E+01,1.90E+01,1.20E+01,3.00E+01,0.00E+00,10/19/2010,12:30:00 PM,45.5633330
2.01E+03,1.00E+01,1.90E+01,1.30E+01,1.50E+01,0.00E+00,10/19/2010,1:15:00 PM,44.4826670
2.01E+03,1.00E+01,1.90E+01,1.40E+01,1.50E+01,0.00E+00,10/19/2010,2:15:00 PM,44.5951670
2.01E+03,1.00E+01,1.90E+01,1.50E+01,0.00E+00,0.00E+00,10/19/2010,3:00:00 PM,44.4153330
2.01E+03,1.00E+01,1.90E+01,1.50E+01,4.50E+01,0.00E+00,10/19/2010,3:45:00 PM,45.7104440
2.01E+03,1.00E+01,1.90E+01,1.60E+01,4.50E+01,0.00E+00,10/19/2010,4:45:00 PM,45.6285000
2.01E+03,1.00E+01,1.90E+01,1.70E+01,3.00E+01,0.00E+00,10/19/2010,5:30:00 PM,45.3848890
2.01E+03,1.00E+01,1.90E+01,1.80E+01,1.50E+01,0.00E+00,10/19/2010,6:15:00 PM,45.5193330
2.01E+03,1.00E+01,1.90E+01,1.90E+01,0.00E+00,0.00E+00,10/19/2010,7:00:00 PM,46.2637780
2.01E+03,1.00E+01,1.90E+01,2.00E+01,0.00E+00,0.00E+00,10/19/2010,8:00:00 PM,46.0946670
2.01E+03,1.00E+01,1.90E+01,2.00E+01,4.50E+01,0.00E+00,10/19/2010,8:45:00 PM,47.3913330
2.01E+03,1.00E+01,1.90E+01,2.10E+01,3.00E+01,0.00E+00,10/19/2010,9:30:00 PM,47.1222220
2.01E+03,1.00E+01,1.90E+01,2.20E+01,1.50E+01,0.00E+00,10/19/2010,10:15:00 PM,46.4900000
2.01E+03,1.00E+01,1.90E+01,2.30E+01,1.50E+01,0.00E+00,10/19/2010,11:15:00 PM,46.7160000
2.01E+03,1.00E+01,2.00E+01,0.00E+00,0.00E+00,0.00E+00,10/20/2010,12:00:00 AM,47.9037780
2.01E+03,1.00E+01,2.00E+01,0.00E+00,4.50E+01,0.00E+00,10/20/2010,12:45:00 AM,45.3071110
2.01E+03,1.00E+01,2.00E+01,1.00E+00,3.00E+01,0.00E+00,10/20/2010,1:30:00 AM,44.7162220
2.01E+03,1.00E+01,2.00E+01,2.00E+00,3.00E+01,0.00E+00,10/20/2010,2:30:00 AM,45.4498330
2.01E+03,1.00E+01,2.00E+01,3.00E+00,1.50E+01,0.00E+00,10/20/2010,3:15:00 AM,49.1393330
2.01E+03,1.00E+01,2.00E+01,4.00E+00,0.00E+00,0.00E+00,10/20/2010,4:00:00 AM,48.9362220
2.01E+03,1.00E+01,2.00E+01,4.00E+00,4.50E+01,0.00E+00,10/20/2010,4:45:00 AM,50.1051110
2.01E+03,1.00E+01,2.00E+01,5.00E+00,4.50E+01,0.00E+00,10/20/2010,5:45:00 AM,48.5985000
2.01E+03,1.00E+01,2.00E+01,6.00E+00,3.00E+01,0.00E+00,10/20/2010,6:30:00 AM,48.0095560
2.01E+03,1.00E+01,2.00E+01,7.00E+00,1.50E+01,0.00E+00,10/20/2010,7:15:00 AM,46.8591110
2.01E+03,1.00E+01,2.00E+01,8.00E+00,1.50E+01,0.00E+00,10/20/2010,8:15:00 AM,44.5361670
2.01E+03,1.00E+01,2.00E+01,9.00E+00,0.00E+00,0.00E+00,10/20/2010,9:00:00 AM,46.2564440
2.01E+03,1.00E+01,2.00E+01,9.00E+00,4.50E+01,0.00E+00,10/20/2010,9:45:00 AM,45.8662220
2.01E+03,1.00E+01,2.00E+01,1.00E+01,3.00E+01,0.00E+00,10/20/2010,10:30:00 AM,45.8762220
2.01E+03,1.00E+01,2.00E+01,1.10E+01,3.00E+01,0.00E+00,10/20/2010,11:30:00 AM,49.5788330
2.01E+03,1.00E+01,2.00E+01,1.20E+01,1.50E+01,0.00E+00,10/20/2010,12:15:00 PM,47.5980000
2.01E+03,1.00E+01,2.00E+01,1.30E+01,0.00E+00,0.00E+00,10/20/2010,1:00:00 PM,45.7848890
2.01E+03,1.00E+01,2.00E+01,1.30E+01,4.50E+01,0.00E+00,10/20/2010,1:45:00 PM,45.4324440
2.01E+03,1.00E+01,2.00E+01,1.40E+01,4.50E+01,0.00E+00,10/20/2010,2:45:00 PM,45.5123330
2.01E+03,1.00E+01,2.00E+01,1.50E+01,3.00E+01,0.00E+00,10/20/2010,3:30:00 PM,44.6075560
2.01E+03,1.00E+01,2.00E+01,1.60E+01,1.50E+01,0.00E+00,10/20/2010,4:15:00 PM,45.0068890
2.01E+03,1.00E+01,2.00E+01,1.70E+01,0.00E+00,0.00E+00,10/20/2010,5:00:00 PM,43.2002220
2.01E+03,1.00E+01,2.00E+01,1.80E+01,0.00E+00,0.00E+00,10/20/2010,6:00:00 PM,41.4275000
2.01E+03,1.00E+01,2.00E+01,1.80E+01,4.50E+01,0.00E+00,10/20/2010,6:45:00 PM,44.0900000
2.01E+03,1.00E+01,2.00E+01,1.90E+01,3.00E+01,0.00E+00,10/20/2010,7:30:00 PM,43.4362220
2.01E+03,1.00E+01,2.00E+01,2.00E+01,1.50E+01,0.00E+00,10/20/2010,8:15:00 PM,43.8777780
2.01E+03,1.00E+01,2.00E+01,2.10E+01,1.50E+01,0.00E+00,10/20/2010,9:15:00 PM,43.9531670
2.01E+03,1.00E+01,2.00E+01,2.20E+01,0.00E+00,0.00E+00,10/20/2010,10:00:00 PM,42.5497780
2.01E+03,1.00E+01,2.00E+01,2.20E+01,4.50E+01,0.00E+00,10/20/2010,10:45:00 PM,44.0840000
2.01E+03,1.00E+01,2.00E+01,2.30E+01,4.50E+01,0.00E+00,10/20/2010,11:45:00 PM,44.6160000
2.01E+03,1.00E+01,2.10E+01,0.00E+00,3.00E+01,0.00E+00,10/21/2010,12:30:00 AM,44.4297780
2.01E+03,1.00E+01,2.10E+01,1.00E+00,1.50E+01,0.00E+00,10/21/2010,1:15:00 AM,44.7075560
2.01E+03,1.00E+01,2.10E+01,2.00E+00,0.00E+00,0.00E+00,10/21/2010,2:00:00 AM,46.4440000
2.01E+03,1.00E+01,2.10E+01,3.00E+00,0.00E+00,0.00E+00,10/21/2010,3:00:00 AM,46.4426670
2.01E+03,1.00E+01,2.10E+01,3.00E+00,4.50E+01,0.00E+00,10/21/2010,3:45:00 AM,50.6477780
2.01E+03,1.00E+01,2.10E+01,4.00E+00,3.00E+01,0.00E+00,10/21/2010,4:30:00 AM,43.6546670
2.01E+03,1.00E+01,2.10E+01,5.00E+00,1.50E+01,0.00E+00,10/21/2010,5:15:00 AM,40.5020000
2.01E+03,1.00E+01,2.10E+01,6.00E+00,1.50E+01,0.00E+00,10/21/2010,6:15:00 AM,39.5713330
2.01E+03,1.00E+01,2.10E+01,7.00E+00,0.00E+00,0.00E+00,10/21/2010,7:00:00 AM,40.2308890
2.01E+03,1.00E+01,2.10E+01,7.00E+00,4.50E+01,0.00E+00,10/21/2010,7:45:00 AM,40.6120000
2.01E+03,1.00E+01,2.10E+01,8.00E+00,3.00E+01,0.00E+00,10/21/2010,8:30:00 AM,40.8017780
2.01E+03,1.00E+01,2.10E+01,9.00E+00,3.00E+01,0.00E+00,10/21/2010,9:30:00 AM,41.3993330
2.01E+03,1.00E+01,2.10E+01,1.00E+01,1.50E+01,0.00E+00,10/21/2010,10:15:00 AM,42.9211110
2.01E+03,1.00E+01,2.10E+01,1.10E+01,0.00E+00,0.00E+00,10/21/2010,11:00:00 AM,43.2328890
2.01E+03,1.00E+01,2.10E+01,1.10E+01,4.50E+01,0.00E+00,10/21/2010,11:45:00 AM,43.1157780
2.01E+03,1.00E+01,2.10E+01,1.20E+01,4.50E+01,0.00E+00,10/21/2010,12:45:00 PM,43.2276670
2.01E+03,1.00E+01,2.10E+01,1.30E+01,3.00E+01,0.00E+00,10/21/2010,1:30:00 PM,43.4797780
2.01E+03,1.00E+01,2.10E+01,1.40E+01,1.50E+01,0.00E+00,10/21/2010,2:15:00 PM,43.8764440
2.01E+03,1.00E+01,2.10E+01,1.50E+01,1.50E+01,0.00E+00,10/21/2010,3:15:00 PM,44.1845000
2.01E+03,1.00E+01,2.10E+01,1.60E+01,0.00E+00,0.00E+00,10/21/2010,4:00:00 PM,43.5257780
2.01E+03,1.00E+01,2.10E+01,1.60E+01,4.50E+01,0.00E+00,10/21/2010,4:45:00 PM,42.5117780
2.01E+03,1.00E+01,2.10E+01,1.70E+01,3.00E+01,0.00E+00,10/21/2010,5:30:00 PM,43.2742220
2.01E+03,1.00E+01,2.10E+01,1.80E+01,3.00E+01,0.00E+00,10/21/2010,6:30:00 PM,42.0488330
2.01E+03,1.00E+01,2.10E+01,1.90E+01,1.50E+01,0.00E+00,10/21/2010,7:15:00 PM,42.8368890
2.01E+03,1.00E+01,2.10E+01,2.00E+01,0.00E+00,0.00E+00,10/21/2010,8:00:00 PM,43.7171110
2.01E+03,1.00E+01,2.10E+01,2.00E+01,4.50E+01,0.00E+00,10/21/2010,8:45:00 PM,44.1348890
2.01E+03,1.00E+01,2.10E+01,2.10E+01,4.50E+01,0.00E+00,10/21/2010,9:45:00 PM,44.7671670
2.01E+03,1.00E+01,2.10E+01,2.20E+01,3.00E+01,0.00E+00,10/21/2010,10:30:00 PM,45.4815560
2.01E+03,1.00E+01,2.10E+01,2.30E+01,1.50E+01,0.00E+00,10/21/2010,11:15:00 PM,45.6668890
2.01E+03,1.00E+01,2.20E+01,0.00E+00,0.00E+00,0.00E+00,10/22/2010,12:00:00 AM,45.9291110
2.01E+03,1.00E+01,2.20E+01,1.00E+00,0.00E+00,0.00E+00,10/22/2010,1:00:00 AM,46.7648330
2.01E+03,1.00E+01,2.20E+01,1.00E+00,4.50E+01,0.00E+00,10/22/2010,1:45:00 AM,46.3006670
2.01E+03,1.00E+01,2.20E+01,2.00E+00,3.00E+01,0.00E+00,10/22/2010,2:30:00 AM,45.5313330
2.01E+03,1.00E+01,2.20E+01,3.00E+00,3.00E+01,0.00E+00,10/22/2010,3:30:00 AM,43.7855000
2.01E+03,1.00E+01,2.20E+01,4.00E+00,1.50E+01,0.00E+00,10/22/2010,4:15:00 AM,52.8322220
2.01E+03,1.00E+01,2.20E+01,5.00E+00,0.00E+00,0.00E+00,10/22/2010,5:00:00 AM,59.2177780
2.01E+03,1.00E+01,2.20E+01,5.00E+00,4.50E+01,0.00E+00,10/22/2010,5:45:00 AM,60.0228890
2.01E+03,1.00E+01,2.20E+01,6.00E+00,4.50E+01,0.00E+00,10/22/2010,6:45:00 AM,60.4683330
2.01E+03,1.00E+01,2.20E+01,7.00E+00,3.00E+01,0.00E+00,10/22/2010,7:30:00 AM,47.5484440
2.01E+03,1.00E+01,2.20E+01,8.00E+00,1.50E+01,0.00E+00,10/22/2010,8:15:00 AM,42.4580000
2.01E+03,1.00E+01,2.20E+01,9.00E+00,0.00E+00,0.00E+00,10/22/2010,9:00:00 AM,41.7673330
2.01E+03,1.00E+01,2.20E+01,1.00E+01,0.00E+00,0.00E+00,10/22/2010,10:00:00 AM,42.8260000
2.01E+03,1.00E+01,2.20E+01,1.00E+01,4.50E+01,0.00E+00,10/22/2010,10:45:00 AM,44.3855560
2.01E+03,1.00E+01,2.20E+01,1.10E+01,3.00E+01,0.00E+00,10/22/2010,11:30:00 AM,44.0426670
2.01E+03,1.00E+01,2.20E+01,1.20E+01,1.50E+01,0.00E+00,10/22/2010,12:15:00 PM,44.3555560
2.01E+03,1.00E+01,2.20E+01,1.30E+01,1.50E+01,0.00E+00,10/22/2010,1:15:00 PM,44.0340000
2.01E+03,1.00E+01,2.20E+01,1.40E+01,0.00E+00,0.00E+00,10/22/2010,2:00:00 PM,43.0955560
2.01E+03,1.00E+01,2.20E+01,1.40E+01,4.50E+01,0.00E+00,10/22/2010,2:45:00 PM,42.3366670
2.01E+03,1.00E+01,2.20E+01,1.50E+01,3.00E+01,0.00E+00,10/22/2010,3:30:00 PM,42.3628890
2.01E+03,1.00E+01,2.20E+01,1.60E+01,3.00E+01,0.00E+00,10/22/2010,4:30:00 PM,41.4221670
2.01E+03,1.00E+01,2.20E+01,1.70E+01,1.50E+01,0.00E+00,10/22/2010,5:15:00 PM,42.8306670
2.01E+03,1.00E+01,2.20E+01,1.80E+01,0.00E+00,0.00E+00,10/22/2010,6:00:00 PM,43.3104440
2.01E+03,1.00E+01,2.20E+01,1.90E+01,0.00E+00,0.00E+00,10/22/2010,7:00:00 PM,45.3006670
2.01E+03,1.00E+01,2.20E+01,1.90E+01,4.50E+01,0.00E+00,10/22/2010,7:45:00 PM,43.4791110
2.01E+03,1.00E+01,2.20E+01,2.00E+01,3.00E+01,0.00E+00,10/22/2010,8:30:00 PM,41.5284440
2.01E+03,1.00E+01,2.20E+01,2.10E+01,1.50E+01,0.00E+00,10/22/2010,9:15:00 PM,41.8608890
2.01E+03,1.00E+01,2.20E+01,2.20E+01,1.50E+01,0.00E+00,10/22/2010,10:15:00 PM,44.5403330
2.01E+03,1.00E+01,2.20E+01,2.30E+01,0.00E+00,0.00E+00,10/22/2010,11:00:00 PM,46.0037780
2.01E+03,1.00E+01,2.20E+01,2.30E+01,4.50E+01,0.00E+00,10/22/2010,11:45:00 PM,46.9744440
2.01E+03,1.00E+01,2.30E+01,0.00E+00,3.00E+01,0.00E+00,10/23/2010,12:30:00 AM,47.5997780
2.01E+03,1.00E+01,2.30E+01,1.00E+00,3.00E+01,0.00E+00,10/23/2010,1:30:00 AM,48.7865000
2.01E+03,1.00E+01,2.30E+01,2.00E+00,1.50E+01,0.00E+00,10/23/2010,2:15:00 AM,46.2424440
2.01E+03,1.00E+01,2.30E+01,3.00E+00,0.00E+00,0.00E+00,10/23/2010,3:00:00 AM,47.7888890
2.01E+03,1.00E+01,2.30E+01,3.00E+00,4.50E+01,0.00E+00,10/23/2010,3:45:00 AM,46.8862220
2.01E+03,1.00E+01,2.30E+01,4.00E+00,4.50E+01,0.00E+00,10/23/2010,4:45:00 AM,47.1783330
2.01E+03,1.00E+01,2.30E+01,5.00E+00,3.00E+01,0.00E+00,10/23/2010,5:30:00 AM,47.1875560
2.01E+03,1.00E+01,2.30E+01,6.00E+00,1.50E+01,0.00E+00,10/23/2010,6:15:00 AM,45.4722220
2.01E+03,1.00E+01,2.30E+01,7.00E+00,0.00E+00,0.00E+00,10/23/2010,7:00:00 AM,47.8311110
2.01E+03,1.00E+01,2.30E+01,8.00E+00,0.00E+00,0.00E+00,10/23/2010,8:00:00 AM,50.1841670
2.01E+03,1.00E+01,2.30E+01,8.00E+00,4.50E+01,0.00E+00,10/23/2010,8:45:00 AM,48.5391110
2.01E+03,1.00E+01,2.30E+01,9.00E+00,3.00E+01,0.00E+00,10/23/2010,9:30:00 AM,45.5168890
2.01E+03,1.00E+01,2.30E+01,1.00E+01,3.00E+01,0.00E+00,10/23/2010,10:30:00 AM,44.7661670
2.01E+03,1.00E+01,2.30E+01,1.10E+01,1.50E+01,0.00E+00,10/23/2010,11:15:00 AM,45.4026670
2.01E+03,1.00E+01,2.30E+01,1.20E+01,0.00E+00,0.00E+00,10/23/2010,12:00:00 PM,46.9155560
2.01E+03,1.00E+01,2.30E+01,1.20E+01,4.50E+01,0.00E+00,10/23/2010,12:45:00 PM,47.3633330
2.01E+03,1.00E+01,2.30E+01,1.30E+01,4.50E+01,0.00E+00,10/23/2010,1:45:00 PM,45.2436670
2.01E+03,1.00E+01,2.30E+01,1.40E+01,3.00E+01,0.00E+00,10/23/2010,2:30:00 PM,45.1548890
2.01E+03,1.00E+01,2.30E+01,1.50E+01,1.50E+01,0.00E+00,10/23/2010,3:15:00 PM,44.9077780
2.01E+03,1.00E+01,2.30E+01,1.60E+01,0.00E+00,0.00E+00,10/23/2010,4:00:00 PM,45.6064440
2.01E+03,1.00E+01,2.30E+01,1.70E+01,0.00E+00,0.00E+00,10/23/2010,5:00:00 PM,45.7125000
2.01E+03,1.00E+01,2.30E+01,1.70E+01,4.50E+01,0.00E+00,10/23/2010,5:45:00 PM,45.7848890
2.01E+03,1.00E+01,2.30E+01,1.80E+01,3.00E+01,0.00E+00,10/23/2010,6:30:00 PM,45.8960000
2.01E+03,1.00E+01,2.30E+01,1.90E+01,1.50E+01,0.00E+00,10/23/2010,7:15:00 PM,47.6991110
2.01E+03,1.00E+01,2.30E+01,2.00E+01,1.50E+01,0.00E+00,10/23/2010,8:15:00 PM,47.3466670
2.01E+03,1.00E+01,2.30E+01,2.10E+01,0.00E+00,0.00E+00,10/23/2010,9:00:00 PM,47.3815560
2.01E+03,1.00E+01,2.30E+01,2.10E+01,4.50E+01,0.00E+00,10/23/2010,9:45:00 PM,47.4931110
2.01E+03,1.00E+01,2.30E+01,2.20E+01,4.50E+01,0.00E+00,10/23/2010,10:45:00 PM,47.8041670
2.01E+03,1.00E+01,2.30E+01,2.30E+01,3.00E+01,0.00E+00,10/23/2010,11:30:00 PM,46.1035560
2.01E+03,1.00E+01,2.40E+01,0.00E+00,1.50E+01,0.00E+00,10/24/2010,12:15:00 AM,44.3871110
2.01E+03,1.00E+01,2.40E+01,1.00E+00,0.00E+00,0.00E+00,10/24/2010,1:00:00 AM,44.7131110
2.01E+03,1.00E+01,2.40E+01,2.00E+00,0.00E+00,0.00E+00,10/24/2010,2:00:00 AM,42.8905000
2.01E+03,1.00E+01,2.40E+01,2.00E+00,4.50E+01,0.00E+00,10/24/2010,2:45:00 AM,43.2546670
2.01E+03,1.00E+01,2.40E+01,3.00E+00,3.00E+01,0.00E+00,10/24/2010,3:30:00 AM,43.4522220
2.01E+03,1.00E+01,2.40E+01,4.00E+00,1.50E+01,0.00E+00,10/24/2010,4:15:00 AM,42.3777780
2.01E+03,1.00E+01,2.40E+01,5.00E+00,1.50E+01,0.00E+00,10/24/2010,5:15:00 AM,42.4215000
2.01E+03,1.00E+01,2.40E+01,6.00E+00,0.00E+00,0.00E+00,10/24/2010,6:00:00 AM,43.1071110
2.01E+03,1.00E+01,2.40E+01,6.00E+00,4.50E+01,0.00E+00,10/24/2010,6:45:00 AM,46.3222220
2.01E+03,1.00E+01,2.40E+01,7.00E+00,3.00E+01,0.00E+00,10/24/2010,7:30:00 AM,46.3100000
2.01E+03,1.00E+01,2.40E+01,8.00E+00,3.00E+01,0.00E+00,10/24/2010,8:30:00 AM,46.7731670
2.01E+03,1.00E+01,2.40E+01,9.00E+00,1.50E+01,0.00E+00,10/24/2010,9:15:00 AM,46.0304440
2.01E+03,1.00E+01,2.40E+01,1.00E+01,0.00E+00,0.00E+00,10/24/2010,10:00:00 AM,53.4928890
2.01E+03,1.00E+01,2.40E+01,1.00E+01,4.50E+01,0.00E+00,10/24/2010,10:45:00 AM,61.0115560
2.01E+03,1.00E+01,2.40E+01,1.10E+01,4.50E+01,0.00E+00,10/24/2010,11:45:00 AM,61.1391670
2.01E+03,1.00E+01,2.40E+01,1.20E+01,3.00E+01,0.00E+00,10/24/2010,12:30:00 PM,60.2046670
2.01E+03,1.00E+01,2.40E+01,1.30E+01,1.50E+01,0.00E+00,10/24/2010,1:15:00 PM,59.3960000
2.01E+03,1.00E+01,2.40E+01,1.40E+01,1.50E+01,0.00E+00,10/24/2010,2:15:00 PM,60.6816670
2.01E+03,1.00E+01,2.40E+01,1.50E+01,0.00E+00,0.00E+00,10/24/2010,3:00:00 PM,55.1624440
2.01E+03,1.00E+01,2.40E+01,1.50E+01,4.50E+01,0.00E+00,10/24/2010,3:45:00 PM,41.9933330
2.01E+03,1.00E+01,2.40E+01,1.60E+01,3.00E+01,0.00E+00,10/24/2010,4:30:00 PM,38.3466670
2.01E+03,1.00E+01,2.40E+01,1.70E+01,3.00E+01,0.00E+00,10/24/2010,5:30:00 PM,38.4520000
2.01E+03,1.00E+01,2.40E+01,1.80E+01,1.50E+01,0.00E+00,10/24/2010,6:15:00 PM,40.0375560
2.01E+03,1.00E+01,2.40E+01,1.90E+01,0.00E+00,0.00E+00,10/24/2010,7:00:00 PM,41.2706670
2.01E+03,1.00E+01,2.40E+01,1.90E+01,4.50E+01,0.00E+00,10/24/2010,7:45:00 PM,41.8202220
2.01E+03,1.00E+01,2.40E+01,2.00E+01,4.50E+01,0.00E+00,10/24/2010,8:45:00 PM,43.1118330
2.01E+03,1.00E+01,2.40E+01,2.10E+01,3.00E+01,0.00E+00,10/24/2010,9:30:00 PM,43.9608890
2.01E+03,1.00E+01,2.40E+01,2.20E+01,1.50E+01,0.00E+00,10/24/2010,10:15:00 PM,44.3026670
2.01E+03,1.00E+01,2.40E+01,2.30E+01,0.00E+00,0.00E+00,10/24/2010,11:00:00 PM,44.6353330
2.01E+03,1.00E+01,2.50E+01,0.00E+00,0.00E+00,0.00E+00,10/25/2010,12:00:00 AM,43.7971670
2.01E+03,1.00E+01,2.50E+01,0.00E+00,4.50E+01,0.00E+00,10/25/2010,12:45:00 AM,44.8948890
2.01E+03,1.00E+01,2.50E+01,1.00E+00,3.00E+01,0.00E+00,10/25/2010,1:30:00 AM,45.8835560
2.01E+03,1.00E+01,2.50E+01,2.00E+00,1.50E+01,0.00E+00,10/25/2010,2:15:00 AM,44.1646670
2.01E+03,1.00E+01,2.50E+01,3.00E+00,1.50E+01,0.00E+00,10/25/2010,3:15:00 AM,43.3505000
2.01E+03,1.00E+01,2.50E+01,4.00E+00,0.00E+00,0.00E+00,10/25/2010,4:00:00 AM,44.0275560
2.01E+03,1.00E+01,2.50E+01,4.00E+00,4.50E+01,0.00E+00,10/25/2010,4:45:00 AM,45.6986670
2.01E+03,1.00E+01,2.50E+01,5.00E+00,4.50E+01,0.00E+00,10/25/2010,5:45:00 AM,45.7185000
2.01E+03,1.00E+01,2.50E+01,6.00E+00,3.00E+01,0.00E+00,10/25/2010,6:30:00 AM,46.0791110
2.01E+03,1.00E+01,2.50E+01,7.00E+00,1.50E+01,0.00E+00,10/25/2010,7:15:00 AM,46.3486670
2.01E+03,1.00E+01,2.50E+01,8.00E+00,0.00E+00,0.00E+00,10/25/2010,8:00:00 AM,46.0544440
2.01E+03,1.00E+01,2.50E+01,9.00E+00,0.00E+00,0.00E+00,10/25/2010,9:00:00 AM,45.1796670
2.01E+03,1.00E+01,2.50E+01,9.00E+00,4.50E+01,0.00E+00,10/25/2010,9:45:00 AM,44.3315560
2.01E+03,1.00E+01,2.50E+01,1.00E+01,3.00E+01,0.00E+00,10/25/2010,10:30:00 AM,44.6946670
2.01E+03,1.00E+01,2.50E+01,1.10E+01,1.50E+01,0.00E+00,10/25/2010,11:15:00 AM,43.6986670
2.01E+03,1.00E+01,2.50E+01,1.20E+01,1.50E+01,0.00E+00,10/25/2010,12:15:00 PM,41.4930000
2.01E+03,1.00E+01,2.50E+01,1.30E+01,0.00E+00,0.00E+00,10/25/2010,1:00:00 PM,41.8720000
2.01E+03,1.00E+01,2.50E+01,1.30E+01,4.50E+01,0.00E+00,10/25/2010,1:45:00 PM,42.3333330
2.01E+03,1.00E+01,2.50E+01,1.40E+01,3.00E+01,0.00E+00,10/25/2010,2:30:00 PM,42.8080000
2.01E+03,1.00E+01,2.50E+01,1.50E+01,3.00E+01,0.00E+00,10/25/2010,3:30:00 PM,44.7380000
2.01E+03,1.00E+01,2.50E+01,1.60E+01,1.50E+01,0.00E+00,10/25/2010,4:15:00 PM,43.9077780
2.01E+03,1.00E+01,2.50E+01,1.70E+01,0.00E+00,0.00E+00,10/25/2010,5:00:00 PM,43.9993330
2.01E+03,1.00E+01,2.50E+01,1.70E+01,4.50E+01,0.00E+00,10/25/2010,5:45:00 PM,43.4042220
2.01E+03,1.00E+01,2.50E+01,1.80E+01,4.50E+01,0.00E+00,10/25/2010,6:45:00 PM,42.5286670
2.01E+03,1.00E+01,2.50E+01,1.90E+01,3.00E+01,0.00E+00,10/25/2010,7:30:00 PM,42.1426670
2.01E+03,1.00E+01,2.50E+01,2.00E+01,1.50E+01,0.00E+00,10/25/2010,8:15:00 PM,43.8133330
2.01E+03,1.00E+01,2.50E+01,2.10E+01,1.50E+01,0.00E+00,10/25/2010,9:15:00 PM,43.0668330
2.01E+03,1.00E+01,2.50E+01,2.20E+01,0.00E+00,0.00E+00,10/25/2010,10:00:00 PM,41.2486670
2.01E+03,1.00E+01,2.50E+01,2.20E+01,4.50E+01,0.00E+00,10/25/2010,10:45:00 PM,41.0360000
2.01E+03,1.00E+01,2.50E+01,2.30E+01,3.00E+01,0.00E+00,10/25/2010,11:30:00 PM,41.8082220
2.01E+03,1.00E+01,2.60E+01,0.00E+00,3.00E+01,0.00E+00,10/26/2010,12:30:00 AM,41.1905000
2.01E+03,1.00E+01,2.60E+01,1.00E+00,1.50E+01,0.00E+00,10/26/2010,1:15:00 AM,41.4280000
2.01E+03,1.00E+01,2.60E+01,2.00E+00,0.00E+00,0.00E+00,10/26/2010,2:00:00 AM,41.8920000
2.01E+03,1.00E+01,2.60E+01,2.00E+00,4.50E+01,0.00E+00,10/26/2010,2:45:00 AM,43.7062220
2.01E+03,1.00E+01,2.60E+01,3.00E+00,4.50E+01,0.00E+00,10/26/2010,3:45:00 AM,46.8738330
2.01E+03,1.00E+01,2.60E+01,4.00E+00,3.00E+01,0.00E+00,10/26/2010,4:30:00 AM,47.5520000
2.01E+03,1.00E+01,2.60E+01,5.00E+00,1.50E+01,0.00E+00,10/26/2010,5:15:00 AM,48.2788890
2.01E+03,1.00E+01,2.60E+01,6.00E+00,0.00E+00,0.00E+00,10/26/2010,6:00:00 AM,45.9802220
2.01E+03,1.00E+01,2.60E+01,7.00E+00,0.00E+00,0.00E+00,10/26/2010,7:00:00 AM,43.5675000
2.01E+03,1.00E+01,2.60E+01,7.00E+00,4.50E+01,0.00E+00,10/26/2010,7:45:00 AM,44.4575560
2.01E+03,1.00E+01,2.60E+01,8.00E+00,3.00E+01,0.00E+00,10/26/2010,8:30:00 AM,44.1588890
2.01E+03,1.00E+01,2.60E+01,9.00E+00,3.00E+01,0.00E+00,10/26/2010,9:30:00 AM,43.9430000
2.01E+03,1.00E+01,2.60E+01,1.00E+01,1.50E+01,0.00E+00,10/26/2010,10:15:00 AM,49.5666670
2.01E+03,1.00E+01,2.60E+01,1.10E+01,0.00E+00,0.00E+00,10/26/2010,11:00:00 AM,51.0484440
2.01E+03,1.00E+01,2.60E+01,1.10E+01,4.50E+01,0.00E+00,10/26/2010,11:45:00 AM,48.6215560
2.01E+03,1.00E+01,2.60E+01,1.20E+01,4.50E+01,0.00E+00,10/26/2010,12:45:00 PM,47.4371670
2.01E+03,1.00E+01,2.60E+01,1.30E+01,3.00E+01,0.00E+00,10/26/2010,1:30:00 PM,46.1953330
2.01E+03,1.00E+01,2.60E+01,1.40E+01,1.50E+01,0.00E+00,10/26/2010,2:15:00 PM,46.6891110
2.01E+03,1.00E+01,2.60E+01,1.50E+01,0.00E+00,0.00E+00,10/26/2010,3:00:00 PM,47.2400000
2.01E+03,1.00E+01,2.60E+01,1.60E+01,0.00E+00,0.00E+00,10/26/2010,4:00:00 PM,47.7356670
2.01E+03,1.00E+01,2.60E+01,1.60E+01,4.50E+01,0.00E+00,10/26/2010,4:45:00 PM,49.6866670
2.01E+03,1.00E+01,2.60E+01,1.70E+01,3.00E+01,0.00E+00,10/26/2010,5:30:00 PM,50.1946670
2.01E+03,1.00E+01,2.60E+01,1.80E+01,1.50E+01,0.00E+00,10/26/2010,6:15:00 PM,48.5715560
2.01E+03,1.00E+01,2.60E+01,1.90E+01,1.50E+01,0.00E+00,10/26/2010,7:15:00 PM,42.7870000
2.01E+03,1.00E+01,2.60E+01,2.00E+01,0.00E+00,0.00E+00,10/26/2010,8:00:00 PM,38.1684440
2.01E+03,1.00E+01,2.60E+01,2.00E+01,4.50E+01,0.00E+00,10/26/2010,8:45:00 PM,37.1440000
2.01E+03,1.00E+01,2.60E+01,2.10E+01,3.00E+01,0.00E+00,10/26/2010,9:30:00 PM,38.2182220
2.01E+03,1.00E+01,2.60E+01,2.20E+01,3.00E+01,0.00E+00,10/26/2010,10:30:00 PM,38.1093330
2.01E+03,1.00E+01,2.60E+01,2.30E+01,1.50E+01,0.00E+00,10/26/2010,11:15:00 PM,39.8117780
2.01E+03,1.00E+01,2.70E+01,0.00E+00,0.00E+00,0.00E+00,10/27/2010,12:00:00 AM,40.6297780
2.01E+03,1.00E+01,2.70E+01,1.00E+00,0.00E+00,0.00E+00,10/27/2010,1:00:00 AM,41.5353330
2.01E+03,1.00E+01,2.70E+01,1.00E+00,4.50E+01,0.00E+00,10/27/2010,1:45:00 AM,41.9593330
2.01E+03,1.00E+01,2.70E+01,2.00E+00,3.00E+01,0.00E+00,10/27/2010,2:30:00 AM,42.6882220
2.01E+03,1.00E+01,2.70E+01,3.00E+00,1.50E+01,0.00E+00,10/27/2010,3:15:00 AM,43.6655560
2.01E+03,1.00E+01,2.70E+01,4.00E+00,1.50E+01,0.00E+00,10/27/2010,4:15:00 AM,43.7526670
2.01E+03,1.00E+01,2.70E+01,5.00E+00,0.00E+00,0.00E+00,10/27/2010,5:00:00 AM,43.8517780
2.01E+03,1.00E+01,2.70E+01,5.00E+00,4.50E+01,0.00E+00,10/27/2010,5:45:00 AM,43.3637780
2.01E+03,1.00E+01,2.70E+01,6.00E+00,3.00E+01,0.00E+00,10/27/2010,6:30:00 AM,42.6357780
2.01E+03,1.00E+01,2.70E+01,7.00E+00,3.00E+01,0.00E+00,10/27/2010,7:30:00 AM,42.7400000
2.01E+03,1.00E+01,2.70E+01,8.00E+00,1.50E+01,0.00E+00,10/27/2010,8:15:00 AM,42.7275560