2.01E+03,9.00E+00,3.00E+01,2.30E+01,4.30E+01,0.00E+00,9/30/2010,11:43:00 PM,273.988190,3.460,157.0,4.60,6.00,1011.10,13.70
2.01E+03,1.00E+01,1.00E+00,0.00E+00,4.30E+01,0.00E+00,10/1/2010,12:43:00 AM,274.029860,3.140,143.0,5.30,7.10,1010.10,13.50
2.01E+03,1.00E+01,1.00E+00,1.00E+00,4.30E+01,0.00E+00,10/1/2010,1:43:00 AM,274.071530,2.870,154.0,6.60,8.70,1009.10,13.50
2.01E+03,1.00E+01,1.00E+00,2.00E+00,4.30E+01,0.00E+00,10/1/2010,2:43:00 AM,274.113190,2.970,161.0,6.90,10.40,1009.00,13.60
2.01E+03,1.00E+01,1.00E+00,3.00E+00,4.30E+01,0.00E+00,10/1/2010,3:43:00 AM,274.154860,3.010,165.0,8.80,10.50,1008.50,13.70
2.01E+03,1.00E+01,1.00E+00,4.00E+00,4.30E+01,0.00E+00,10/1/2010,4:43:00 AM,274.196530,2.600,184.0,8.80,11.10,1008.70,13.90
2.01E+03,1.00E+01,1.00E+00,5.00E+00,4.30E+01,0.00E+00,10/1/2010,5:43:00 AM,274.238190,2.790,185.0,8.90,11.10,1008.20,14.10
2.01E+03,1.00E+01,1.00E+00,6.00E+00,4.30E+01,0.00E+00,10/1/2010,6:43:00 AM,274.279860,2.900,179.0,9.60,11.30,1007.50,14.30
2.01E+03,1.00E+01,1.00E+00,7.00E+00,4.30E+01,0.00E+00,10/1/2010,7:43:00 AM,274.321530,3.170,193.0,9.90,12.80,1007.00,14.60
2.01E+03,1.00E+01,1.00E+00,8.00E+00,4.30E+01,0.00E+00,10/1/2010,8:43:00 AM,274.363190,3.080,169.0,8.80,11.00,1006.30,14.80
2.01E+03,1.00E+01,1.00E+00,9.00E+00,4.30E+01,0.00E+00,10/1/2010,9:43:00 AM,274.404860,2.560,176.0,9.30,11.20,1006.50,14.90
2.01E+03,1.00E+01,1.00E+00,1.00E+01,4.30E+01,0.00E+00,10/1/2010,10:43:00 AM,274.446530,2.630,166.0,10.60,13.30,1005.70,15.00
2.01E+03,1.00E+01,1.00E+00,1.10E+01,4.30E+01,0.00E+00,10/1/2010,11:43:00 AM,274.488190,2.470,177.0,10.70,12.90,1005.90,15.10
2.01E+03,1.00E+01,1.00E+00,1.20E+01,4.30E+01,0.00E+00,10/1/2010,12:43:00 PM,274.529860,2.700,190.0,10.10,12.40,1006.40,14.60
2.01E+03,1.00E+01,1.00E+00,1.30E+01,4.30E+01,0.00E+00,10/1/2010,1:43:00 PM,274.571530,2.620,231.0,8.00,10.50,1007.40,14.30
2.01E+03,1.00E+01,1.00E+00,1.40E+01,4.30E+01,0.00E+00,10/1/2010,2:43:00 PM,274.613190,2.930,226.0,7.30,8.80,1008.30,14.60
2.01E+03,1.00E+01,1.00E+00,1.50E+01,4.30E+01,0.00E+00,10/1/2010,3:43:00 PM,274.654860,2.750,230.0,7.30,9.10,1009.40,14.60
2.01E+03,1.00E+01,1.00E+00,1.60E+01,4.30E+01,0.00E+00,10/1/2010,4:43:00 PM,274.696530,2.730,229.0,7.30,8.70,1010.40,14.70
2.01E+03,1.00E+01,1.00E+00,1.70E+01,4.30E+01,0.00E+00,10/1/2010,5:43:00 PM,274.738190,2.620,216.0,7.10,8.40,1011.60,14.90
2.01E+03,1.00E+01,1.00E+00,1.80E+01,4.30E+01,0.00E+00,10/1/2010,6:43:00 PM,274.779860,2.660,210.0,7.20,8.60,1012.50,15.00
2.01E+03,1.00E+01,1.00E+00,1.90E+01,4.30E+01,0.00E+00,10/1/2010,7:43:00 PM,274.821530,2.830,217.0,7.50,9.00,1013.20,15.10
2.01E+03,1.00E+01,1.00E+00,2.00E+01,4.30E+01,0.00E+00,10/1/2010,8:43:00 PM,274.863190,2.940,240.0,7.50,9.30,1014.30,14.90
2.01E+03,1.00E+01,1.00E+00,2.10E+01,4.30E+01,0.00E+00,10/1/2010,9:43:00 PM,274.904860,2.920,250.0,8.90,10.40,1014.70,14.80
2.01E+03,1.00E+01,1.00E+00,2.20E+01,4.30E+01,0.00E+00,10/1/2010,10:43:00 PM,274.946530,2.760,246.0,7.50,9.00,1015.50,14.80
2.01E+03,1.00E+01,1.00E+00,2.30E+01,4.30E+01,0.00E+00,10/1/2010,11:43:00 PM,274.988190,2.640,249.0,7.90,9.60,1016.20,14.80
2.01E+03,1.00E+01,2.00E+00,0.00E+00,4.30E+01,0.00E+00,10/2/2010,12:43:00 AM,275.029860,2.560,258.0,7.90,9.90,1017.00,14.60
2.01E+03,1.00E+01,2.00E+00,1.00E+00,4.30E+01,0.00E+00,10/2/2010,1:43:00 AM,275.071530,2.480,252.0,7.90,9.30,1017.40,14.30
2.01E+03,1.00E+01,2.00E+00,2.00E+00,4.30E+01,0.00E+00,10/2/2010,2:43:00 AM,275.113190,2.700,253.0,7.50,9.00,1018.20,14.30
2.01E+03,1.00E+01,2.00E+00,3.00E+00,4.30E+01,0.00E+00,10/2/2010,3:43:00 AM,275.154860,2.810,277.0,5.90,8.10,1019.00,13.60
2.01E+03,1.00E+01,2.00E+00,4.00E+00,4.30E+01,0.00E+00,10/2/2010,4:43:00 AM,275.196530,3.340,247.0,5.30,7.20,1019.90,14.10
2.01E+03,1.00E+01,2.00E+00,5.00E+00,4.30E+01,0.00E+00,10/2/2010,5:43:00 AM,275.238190,3.780,244.0,6.10,7.70,1020.40,14.10
2.01E+03,1.00E+01,2.00E+00,6.00E+00,4.30E+01,0.00E+00,10/2/2010,6:43:00 AM,275.279860,4.160,244.0,6.00,8.80,1020.90,13.90
2.01E+03,1.00E+01,2.00E+00,7.00E+00,4.30E+01,0.00E+00,10/2/2010,7:43:00 AM,275.321530,4.360,241.0,6.20,9.70,1021.30,14.10
2.01E+03,1.00E+01,2.00E+00,8.00E+00,4.30E+01,0.00E+00,10/2/2010,8:43:00 AM,275.363190,4.970,247.0,5.50,7.50,1021.60,14.00
2.01E+03,1.00E+01,2.00E+00,9.00E+00,4.30E+01,0.00E+00,10/2/2010,9:43:00 AM,275.404860,5.010,241.0,5.20,7.20,1022.10,14.00
2.01E+03,1.00E+01,2.00E+00,1.00E+01,4.30E+01,0.00E+00,10/2/2010,10:43:00 AM,275.446530,6.210,243.0,4.80,6.80,1022.00,13.80
2.01E+03,1.00E+01,2.00E+00,1.10E+01,4.30E+01,0.00E+00,10/2/2010,11:43:00 AM,275.488190,5.620,232.0,4.30,6.20,1022.40,13.80
2.01E+03,1.00E+01,2.00E+00,1.20E+01,4.30E+01,0.00E+00,10/2/2010,12:43:00 PM,275.529860,6.210,248.0,4.10,5.90,1022.50,13.70
2.01E+03,1.00E+01,2.00E+00,1.30E+01,4.30E+01,0.00E+00,10/2/2010,1:43:00 PM,275.571530,5.270,250.0,3.90,6.20,1022.40,13.60
2.01E+03,1.00E+01,2.00E+00,1.40E+01,4.30E+01,0.00E+00,10/2/2010,2:43:00 PM,275.613190,5.610,235.0,3.50,5.80,1022.50,13.60
2.01E+03,1.00E+01,2.00E+00,1.50E+01,4.30E+01,0.00E+00,10/2/2010,3:43:00 PM,275.654860,5.140,220.0,3.90,5.40,1022.50,13.90
2.01E+03,1.00E+01,2.00E+00,1.60E+01,4.30E+01,0.00E+00,10/2/2010,4:43:00 PM,275.696530,5.040,207.0,3.80,5.10,1022.50,14.00
2.01E+03,1.00E+01,2.00E+00,1.70E+01,4.30E+01,0.00E+00,10/2/2010,5:43:00 PM,275.738190,4.890,203.0,3.80,4.90,1022.40,14.10
2.01E+03,1.00E+01,2.00E+00,1.80E+01,4.30E+01,0.00E+00,10/2/2010,6:43:00 PM,275.779860,4.740,191.0,4.30,5.50,1022.20,14.10
2.01E+03,1.00E+01,2.00E+00,1.90E+01,4.30E+01,0.00E+00,10/2/2010,7:43:00 PM,275.821530,4.620,178.0,5.30,6.90,1021.70,14.10
2.01E+03,1.00E+01,2.00E+00,2.00E+01,4.30E+01,0.00E+00,10/2/2010,8:43:00 PM,275.863190,4.620,179.0,6.10,7.80,1021.20,14.20
2.01E+03,1.00E+01,2.00E+00,2.10E+01,4.30E+01,0.00E+00,10/2/2010,9:43:00 PM,275.904860,4.470,176.0,7.00,9.00,1020.30,14.10
2.01E+03,1.00E+01,2.00E+00,2.20E+01,4.30E+01,0.00E+00,10/2/2010,10:43:00 PM,275.946530,4.670,181.0,7.10,8.50,1019.80,14.20
2.01E+03,1.00E+01,2.00E+00,2.30E+01,4.30E+01,0.00E+00,10/2/2010,11:43:00 PM,275.988190,4.760,182.0,7.10,8.90,1018.80,14.20
2.01E+03,1.00E+01,3.00E+00,0.00E+00,4.30E+01,0.00E+00,10/3/2010,12:43:00 AM,276.029860,4.350,175.0,7.40,9.50,1018.00,14.10
2.01E+03,1.00E+01,3.00E+00,1.00E+00,4.30E+01,0.00E+00,10/3/2010,1:43:00 AM,276.071530,4.650,183.0,8.20,10.30,1017.20,14.10
2.01E+03,1.00E+01,3.00E+00,2.00E+00,4.30E+01,0.00E+00,10/3/2010,2:43:00 AM,276.113190,4.330,179.0,8.50,10.50,1016.70,14.20
2.01E+03,1.00E+01,3.00E+00,3.00E+00,4.30E+01,0.00E+00,10/3/2010,3:43:00 AM,276.154860,4.000,183.0,9.20,11.20,1016.60,14.30
2.01E+03,1.00E+01,3.00E+00,4.00E+00,4.30E+01,0.00E+00,10/3/2010,4:43:00 AM,276.196530,3.900,185.0,9.30,11.10,1015.70,14.20
2.01E+03,1.00E+01,3.00E+00,5.00E+00,4.30E+01,0.00E+00,10/3/2010,5:43:00 AM,276.238190,3.750,181.0,9.50,12.00,1015.00,14.30
2.01E+03,1.00E+01,3.00E+00,6.00E+00,4.30E+01,0.00E+00,10/3/2010,6:43:00 AM,276.279860,3.350,182.0,9.60,12.00,1014.40,14.30
2.01E+03,1.00E+01,3.00E+00,7.00E+00,4.30E+01,0.00E+00,10/3/2010,7:43:00 AM,276.321530,3.480,181.0,10.00,12.50,1013.70,14.40
2.01E+03,1.00E+01,3.00E+00,8.00E+00,4.30E+01,0.00E+00,10/3/2010,8:43:00 AM,276.363190,3.460,186.0,10.40,13.10,1013.00,14.50
2.01E+03,1.00E+01,3.00E+00,9.00E+00,4.30E+01,0.00E+00,10/3/2010,9:43:00 AM,276.404860,3.330,182.0,10.80,13.20,1012.40,14.50
2.01E+03,1.00E+01,3.00E+00,1.00E+01,4.30E+01,0.00E+00,10/3/2010,10:43:00 AM,276.446530,3.310,182.0,10.70,13.20,1011.70,14.70
2.01E+03,1.00E+01,3.00E+00,1.10E+01,4.30E+01,0.00E+00,10/3/2010,11:43:00 AM,276.488190,3.430,184.0,10.10,11.80,1011.10,14.00
2.01E+03,1.00E+01,3.00E+00,1.20E+01,4.30E+01,0.00E+00,10/3/2010,12:43:00 PM,276.529860,3.800,311.0,8.90,11.00,1011.30,12.00
2.01E+03,1.00E+01,3.00E+00,1.30E+01,4.30E+01,0.00E+00,10/3/2010,1:43:00 PM,276.571530,3.490,300.0,10.70,12.80,1012.00,11.50
2.01E+03,1.00E+01,3.00E+00,1.40E+01,4.30E+01,0.00E+00,10/3/2010,2:43:00 PM,276.613190,3.780,310.0,7.30,9.40,1012.40,11.50
2.01E+03,1.00E+01,3.00E+00,1.50E+01,4.30E+01,0.00E+00,10/3/2010,3:43:00 PM,276.654860,3.200,306.0,9.90,12.30,1012.90,12.90
2.01E+03,1.00E+01,3.00E+00,1.60E+01,4.30E+01,0.00E+00,10/3/2010,4:43:00 PM,276.696530,3.270,304.0,11.30,13.60,1013.90,12.50
2.01E+03,1.00E+01,3.00E+00,1.70E+01,4.30E+01,0.00E+00,10/3/2010,5:43:00 PM,276.738190,3.270,302.0,10.40,13.00,1015.00,12.80
2.01E+03,1.00E+01,3.00E+00,1.80E+01,4.30E+01,0.00E+00,10/3/2010,6:43:00 PM,276.779860,3.830,309.0,10.30,13.20,1015.70,12.70
2.01E+03,1.00E+01,3.00E+00,1.90E+01,4.30E+01,0.00E+00,10/3/2010,7:43:00 PM,276.821530,3.780,302.0,9.90,12.60,1016.50,12.80
2.01E+03,1.00E+01,3.00E+00,2.00E+01,4.30E+01,0.00E+00,10/3/2010,8:43:00 PM,276.863190,4.020,306.0,9.80,13.20,1017.30,12.60
2.01E+03,1.00E+01,3.00E+00,2.10E+01,4.30E+01,0.00E+00,10/3/2010,9:43:00 PM,276.904860,3.810,312.0,10.70,12.40,1017.90,12.50
2.01E+03,1.00E+01,3.00E+00,2.20E+01,4.30E+01,0.00E+00,10/3/2010,10:43:00 PM,276.946530,4.360,310.0,10.10,12.20,1018.50,12.70
2.01E+03,1.00E+01,3.00E+00,2.30E+01,4.30E+01,0.00E+00,10/3/2010,11:43:00 PM,276.988190,3.690,320.0,9.70,11.90,1019.20,12.60
2.01E+03,1.00E+01,4.00E+00,0.00E+00,4.30E+01,0.00E+00,10/4/2010,12:43:00 AM,277.029860,4.130,316.0,9.40,12.10,1020.00,12.60
2.01E+03,1.00E+01,4.00E+00,1.00E+00,4.30E+01,0.00E+00,10/4/2010,1:43:00 AM,277.071530,4.310,317.0,9.20,11.20,1020.60,12.60
2.01E+03,1.00E+01,4.00E+00,2.00E+00,4.30E+01,0.00E+00,10/4/2010,2:43:00 AM,277.113190,3.890,308.0,8.80,10.80,1021.40,12.70
2.01E+03,1.00E+01,4.00E+00,3.00E+00,4.30E+01,0.00E+00,10/4/2010,3:43:00 AM,277.154860,3.920,307.0,8.80,11.30,1022.30,12.70
2.01E+03,1.00E+01,4.00E+00,4.00E+00,4.30E+01,0.00E+00,10/4/2010,4:43:00 AM,277.196530,4.120,310.0,7.80,9.80,1022.80,12.60
2.01E+03,1.00E+01,4.00E+00,5.00E+00,4.30E+01,0.00E+00,10/4/2010,5:43:00 AM,277.238190,3.950,302.0,6.30,8.20,1023.50,12.50
2.01E+03,1.00E+01,4.00E+00,6.00E+00,4.30E+01,0.00E+00,10/4/2010,6:43:00 AM,277.279860,3.560,297.0,6.00,7.70,1023.90,12.60
2.01E+03,1.00E+01,4.00E+00,7.00E+00,4.30E+01,0.00E+00,10/4/2010,7:43:00 AM,277.321530,3.510,283.0,5.90,7.90,1024.30,12.70
2.01E+03,1.00E+01,4.00E+00,8.00E+00,4.30E+01,0.00E+00,10/4/2010,8:43:00 AM,277.363190,3.530,286.0,6.00,7.80,1024.70,12.70
2.01E+03,1.00E+01,4.00E+00,9.00E+00,4.30E+01,0.00E+00,10/4/2010,9:43:00 AM,277.404860,3.590,274.0,4.60,6.30,1024.80,12.60
2.01E+03,1.00E+01,4.00E+00,1.00E+01,4.30E+01,0.00E+00,10/4/2010,10:43:00 AM,277.446530,3.760,248.0,5.00,6.90,1024.80,12.90
2.01E+03,1.00E+01,4.00E+00,1.10E+01,4.30E+01,0.00E+00,10/4/2010,11:43:00 AM,277.488190,3.450,245.0,5.60,8.80,1024.80,12.70
2.01E+03,1.00E+01,4.00E+00,1.20E+01,4.30E+01,0.00E+00,10/4/2010,12:43:00 PM,277.529860,4.050,241.0,5.40,6.90,1025.20,12.60
2.01E+03,1.00E+01,4.00E+00,1.30E+01,4.30E+01,0.00E+00,10/4/2010,1:43:00 PM,277.571530,3.540,232.0,5.10,6.60,1025.30,12.50
2.01E+03,1.00E+01,4.00E+00,1.40E+01,4.30E+01,0.00E+00,10/4/2010,2:43:00 PM,277.613190,3.670,245.0,6.80,8.50,1025.30,13.00
2.01E+03,1.00E+01,4.00E+00,1.50E+01,4.30E+01,0.00E+00,10/4/2010,3:43:00 PM,277.654860,3.220,234.0,6.30,7.50,1025.70,13.30
2.01E+03,1.00E+01,4.00E+00,1.60E+01,4.30E+01,0.00E+00,10/4/2010,4:43:00 PM,277.696530,3.280,231.0,6.50,8.00,1025.90,13.60
2.01E+03,1.00E+01,4.00E+00,1.70E+01,4.30E+01,0.00E+00,10/4/2010,5:43:00 PM,277.738190,2.800,221.0,6.90,8.70,1025.90,13.70
2.01E+03,1.00E+01,4.00E+00,1.80E+01,4.30E+01,0.00E+00,10/4/2010,6:43:00 PM,277.779860,2.510,216.0,7.70,9.20,1026.00,13.80
2.01E+03,1.00E+01,4.00E+00,1.90E+01,4.30E+01,0.00E+00,10/4/2010,7:43:00 PM,277.821530,2.550,211.0,9.00,10.70,1025.90,13.90
2.01E+03,1.00E+01,4.00E+00,2.00E+01,4.30E+01,0.00E+00,10/4/2010,8:43:00 PM,277.863190,2.700,214.0,9.60,11.70,1025.50,14.00
2.01E+03,1.00E+01,4.00E+00,2.10E+01,4.30E+01,0.00E+00,10/4/2010,9:43:00 PM,277.904860,2.750,196.0,9.30,11.10,1025.50,13.20
2.01E+03,1.00E+01,4.00E+00,2.20E+01,4.30E+01,0.00E+00,10/4/2010,10:43:00 PM,277.946530,2.500,203.0,11.60,13.80,1025.00,14.30
2.01E+03,1.00E+01,4.00E+00,2.30E+01,4.30E+01,0.00E+00,10/4/2010,11:43:00 PM,277.988190,2.690,203.0,11.00,13.30,1024.50,14.20
2.01E+03,1.00E+01,5.00E+00,0.00E+00,4.30E+01,0.00E+00,10/5/2010,12:43:00 AM,278.029860,2.880,204.0,11.30,14.50,1024.30,13.90
2.01E+03,1.00E+01,5.00E+00,1.00E+00,4.30E+01,0.00E+00,10/5/2010,1:43:00 AM,278.071530,2.870,209.0,12.60,15.10,1024.10,13.30
2.01E+03,1.00E+01,5.00E+00,2.00E+00,4.30E+01,0.00E+00,10/5/2010,2:43:00 AM,278.113190,3.130,207.0,12.80,15.60,1023.50,12.70
2.01E+03,1.00E+01,5.00E+00,3.00E+00,4.30E+01,0.00E+00,10/5/2010,3:43:00 AM,278.154860,3.240,198.0,13.30,16.00,1023.00,13.30
2.01E+03,1.00E+01,5.00E+00,4.00E+00,4.30E+01,0.00E+00,10/5/2010,4:43:00 AM,278.196530,3.380,194.0,14.40,17.30,1022.30,13.40
2.01E+03,1.00E+01,5.00E+00,5.00E+00,4.30E+01,0.00E+00,10/5/2010,5:43:00 AM,278.238190,3.470,194.0,13.60,16.80,1022.10,13.60
2.01E+03,1.00E+01,5.00E+00,6.00E+00,4.30E+01,0.00E+00,10/5/2010,6:43:00 AM,278.279860,3.550,198.0,13.50,16.30,1021.90,14.00
2.01E+03,1.00E+01,5.00E+00,7.00E+00,4.30E+01,0.00E+00,10/5/2010,7:43:00 AM,278.321530,3.680,201.0,13.20,16.70,1021.60,14.40
2.01E+03,1.00E+01,5.00E+00,8.00E+00,4.30E+01,0.00E+00,10/5/2010,8:43:00 AM,278.363190,3.710,204.0,13.70,17.00,1021.10,14.70
2.01E+03,1.00E+01,5.00E+00,9.00E+00,4.30E+01,0.00E+00,10/5/2010,9:43:00 AM,278.404860,4.120,207.0,13.10,16.30,1021.10,14.80
2.01E+03,1.00E+01,5.00E+00,1.00E+01,4.30E+01,0.00E+00,10/5/2010,10:43:00 AM,278.446530,4.160,210.0,12.80,15.30,1021.30,15.00
2.01E+03,1.00E+01,5.00E+00,1.10E+01,4.30E+01,0.00E+00,10/5/2010,11:43:00 AM,278.488190,3.940,208.0,12.20,14.30,1021.30,15.20
2.01E+03,1.00E+01,5.00E+00,1.20E+01,4.30E+01,0.00E+00,10/5/2010,12:43:00 PM,278.529860,4.060,209.0,12.00,15.00,1021.80,15.20
2.01E+03,1.00E+01,5.00E+00,1.30E+01,4.30E+01,0.00E+00,10/5/2010,1:43:00 PM,278.571530,4.090,205.0,11.40,13.90,1021.90,15.20
2.01E+03,1.00E+01,5.00E+00,1.40E+01,4.30E+01,0.00E+00,10/5/2010,2:43:00 PM,278.613190,3.880,209.0,11.10,14.10,1022.50,15.20
2.01E+03,1.00E+01,5.00E+00,1.50E+01,4.30E+01,0.00E+00,10/5/2010,3:43:00 PM,278.654860,3.970,203.0,11.50,14.60,1022.20,15.20
2.01E+03,1.00E+01,5.00E+00,1.60E+01,4.30E+01,0.00E+00,10/5/2010,4:43:00 PM,278.696530,4.020,204.0,10.90,13.10,1022.80,15.20
2.01E+03,1.00E+01,5.00E+00,1.70E+01,4.30E+01,0.00E+00,10/5/2010,5:43:00 PM,278.738190,3.810,199.0,11.00,13.30,1023.10,15.20
2.01E+03,1.00E+01,5.00E+00,1.80E+01,4.30E+01,0.00E+00,10/5/2010,6:43:00 PM,278.779860,3.770,202.0,10.90,13.20,1023.80,15.20
2.01E+03,1.00E+01,5.00E+00,1.90E+01,4.30E+01,0.00E+00,10/5/2010,7:43:00 PM,278.821530,3.620,200.0,10.60,13.00,1024.10,15.30
2.01E+03,1.00E+01,5.00E+00,2.00E+01,4.30E+01,0.00E+00,10/5/2010,8:43:00 PM,278.863190,3.480,201.0,10.50,12.80,1024.20,15.30
2.01E+03,1.00E+01,5.00E+00,2.10E+01,4.30E+01,0.00E+00,10/5/2010,9:43:00 PM,278.904860,3.660,198.0,10.00,13.60,1023.80,15.20
2.01E+03,1.00E+01,5.00E+00,2.20E+01,4.30E+01,0.00E+00,10/5/2010,10:43:00 PM,278.946530,3.640,193.0,9.70,11.70,1023.00,15.20
2.01E+03,1.00E+01,5.00E+00,2.30E+01,4.30E+01,0.00E+00,10/5/2010,11:43:00 PM,278.988190,3.570,193.0,9.50,11.80,1022.30,15.20
2.01E+03,1.00E+01,6.00E+00,0.00E+00,4.30E+01,0.00E+00,10/6/2010,12:43:00 AM,279.029860,3.460,192.0,9.20,11.10,1021.90,15.20
2.01E+03,1.00E+01,6.00E+00,1.00E+00,4.30E+01,0.00E+00,10/6/2010,1:43:00 AM,279.071530,3.350,191.0,10.50,12.70,1021.40,15.20
2.01E+03,1.00E+01,6.00E+00,2.00E+00,4.30E+01,0.00E+00,10/6/2010,2:43:00 AM,279.113190,3.550,188.0,10.00,12.20,1021.40,15.10
2.01E+03,1.00E+01,6.00E+00,3.00E+00,4.30E+01,0.00E+00,10/6/2010,3:43:00 AM,279.154860,3.290,188.0,10.60,13.80,1020.80,15.10
2.01E+03,1.00E+01,6.00E+00,4.00E+00,4.30E+01,0.00E+00,10/6/2010,4:43:00 AM,279.196530,3.250,189.0,11.10,13.30,1020.10,15.10
2.01E+03,1.00E+01,6.00E+00,5.00E+00,4.30E+01,0.00E+00,10/6/2010,5:43:00 AM,279.238190,3.620,184.0,11.00,13.50,1019.10,15.10
2.01E+03,1.00E+01,6.00E+00,6.00E+00,4.30E+01,0.00E+00,10/6/2010,6:43:00 AM,279.279860,3.450,185.0,11.80,13.90,1018.30,15.10
2.01E+03,1.00E+01,6.00E+00,7.00E+00,4.30E+01,0.00E+00,10/6/2010,7:43:00 AM,279.321530,3.510,181.0,12.30,14.90,1017.70,15.10
2.01E+03,1.00E+01,6.00E+00,8.00E+00,4.30E+01,0.00E+00,10/6/2010,8:43:00 AM,279.363190,3.390,186.0,12.60,15.80,1017.10,15.20
2.01E+03,1.00E+01,6.00E+00,9.00E+00,4.30E+01,0.00E+00,10/6/2010,9:43:00 AM,279.404860,3.790,187.0,12.50,15.90,1016.50,15.20
2.01E+03,1.00E+01,6.00E+00,1.00E+01,4.30E+01,0.00E+00,10/6/2010,10:43:00 AM,279.446530,3.980,186.0,11.90,14.80,1015.80,15.20
2.01E+03,1.00E+01,6.00E+00,1.10E+01,4.30E+01,0.00E+00,10/6/2010,11:43:00 AM,279.488190,3.800,187.0,11.70,14.40,1015.40,15.30
2.01E+03,1.00E+01,6.00E+00,1.20E+01,4.30E+01,0.00E+00,10/6/2010,12:43:00 PM,279.529860,3.990,197.0,11.80,14.40,1015.40,15.00
2.01E+03,1.00E+01,6.00E+00,1.30E+01,4.30E+01,0.00E+00,10/6/2010,1:43:00 PM,279.571530,4.240,189.0,10.70,12.80,1015.20,14.70
2.01E+03,1.00E+01,6.00E+00,1.40E+01,4.30E+01,0.00E+00,10/6/2010,2:43:00 PM,279.613190,3.910,196.0,10.30,12.20,1014.90,15.00
2.01E+03,1.00E+01,6.00E+00,1.50E+01,4.30E+01,0.00E+00,10/6/2010,3:43:00 PM,279.654860,3.940,197.0,9.20,11.20,1014.90,15.00
2.01E+03,1.00E+01,6.00E+00,1.60E+01,4.30E+01,0.00E+00,10/6/2010,4:43:00 PM,279.696530,3.570,198.0,8.10,10.50,1014.90,14.80
2.01E+03,1.00E+01,6.00E+00,1.70E+01,4.30E+01,0.00E+00,10/6/2010,5:43:00 PM,279.738190,3.720,203.0,7.20,8.90,1014.80,14.90
2.01E+03,1.00E+01,6.00E+00,1.80E+01,4.30E+01,0.00E+00,10/6/2010,6:43:00 PM,279.779860,3.650,204.0,6.30,7.30,1014.60,14.70
2.01E+03,1.00E+01,6.00E+00,1.90E+01,4.30E+01,0.00E+00,10/6/2010,7:43:00 PM,279.821530,3.270,211.0,3.70,5.00,1014.20,14.60
2.01E+03,1.00E+01,6.00E+00,2.00E+01,4.30E+01,0.00E+00,10/6/2010,8:43:00 PM,279.863190,3.440,178.0,5.30,6.50,1013.20,14.60
2.01E+03,1.00E+01,6.00E+00,2.10E+01,4.30E+01,0.00E+00,10/6/2010,9:43:00 PM,279.904860,3.440,190.0,5.10,6.10,1012.20,14.60
2.01E+03,1.00E+01,6.00E+00,2.20E+01,4.30E+01,0.00E+00,10/6/2010,10:43:00 PM,279.946530,3.160,198.0,4.50,6.00,1011.80,14.60
2.01E+03,1.00E+01,6.00E+00,2.30E+01,4.30E+01,0.00E+00,10/6/2010,11:43:00 PM,279.988190,2.920,187.0,3.30,4.10,1011.10,14.50
2.01E+03,1.00E+01,7.00E+00,0.00E+00,4.30E+01,0.00E+00,10/7/2010,12:43:00 AM,280.029860,3.280,181.0,4.20,5.30,1010.20,14.60
2.01E+03,1.00E+01,7.00E+00,1.00E+00,4.30E+01,0.00E+00,10/7/2010,1:43:00 AM,280.071530,3.360,181.0,4.80,6.00,1009.80,14.80
2.01E+03,1.00E+01,7.00E+00,2.00E+00,4.30E+01,0.00E+00,10/7/2010,2:43:00 AM,280.113190,3.120,148.0,8.20,10.50,1008.20,14.90
2.01E+03,1.00E+01,7.00E+00,3.00E+00,4.30E+01,0.00E+00,10/7/2010,3:43:00 AM,280.154860,2.910,143.0,8.60,10.60,1007.60,14.70
2.01E+03,1.00E+01,7.00E+00,4.00E+00,4.30E+01,0.00E+00,10/7/2010,4:43:00 AM,280.196530,3.150,146.0,8.40,10.40,1006.90,14.70
2.01E+03,1.00E+01,7.00E+00,5.00E+00,4.30E+01,0.00E+00,10/7/2010,5:43:00 AM,280.238190,3.000,181.0,8.30,10.40,1006.00,14.90
2.01E+03,1.00E+01,7.00E+00,6.00E+00,4.30E+01,0.00E+00,10/7/2010,6:43:00 AM,280.279860,2.860,169.0,10.60,13.80,1004.80,15.00
2.01E+03,1.00E+01,7.00E+00,7.00E+00,4.30E+01,0.00E+00,10/7/2010,7:43:00 AM,280.321530,2.890,256.0,6.80,8.60,1004.50,14.10
2.01E+03,1.00E+01,7.00E+00,8.00E+00,4.30E+01,0.00E+00,10/7/2010,8:43:00 AM,280.363190,2.890,227.0,6.20,7.90,1004.60,13.70
2.01E+03,1.00E+01,7.00E+00,9.00E+00,4.30E+01,0.00E+00,10/7/2010,9:43:00 AM,280.404860,2.650,253.0,7.70,9.60,1004.40,13.70
2.01E+03,1.00E+01,7.00E+00,1.00E+01,4.30E+01,0.00E+00,10/7/2010,10:43:00 AM,280.446530,2.520,183.0,3.70,4.50,1003.80,13.60
2.01E+03,1.00E+01,7.00E+00,1.10E+01,4.30E+01,0.00E+00,10/7/2010,11:43:00 AM,280.488190,2.460,193.0,6.00,7.30,1003.90,13.80
2.01E+03,1.00E+01,7.00E+00,1.20E+01,4.30E+01,0.00E+00,10/7/2010,12:43:00 PM,280.529860,2.430,189.0,7.70,9.00,1003.80,14.00
2.01E+03,1.00E+01,7.00E+00,1.30E+01,4.30E+01,0.00E+00,10/7/2010,1:43:00 PM,280.571530,2.260,259.0,9.80,11.90,1004.10,13.80
2.01E+03,1.00E+01,7.00E+00,1.40E+01,4.30E+01,0.00E+00,10/7/2010,2:43:00 PM,280.613190,2.260,254.0,9.20,10.80,1004.80,13.60
2.01E+03,1.00E+01,7.00E+00,1.50E+01,4.30E+01,0.00E+00,10/7/2010,3:43:00 PM,280.654860,2.420,253.0,9.00,11.00,1005.40,13.60
2.01E+03,1.00E+01,7.00E+00,1.60E+01,4.30E+01,0.00E+00,10/7/2010,4:43:00 PM,280.696530,2.420,249.0,8.70,10.30,1006.00,13.60
2.01E+03,1.00E+01,7.00E+00,1.70E+01,4.30E+01,0.00E+00,10/7/2010,5:43:00 PM,280.738190,2.400,241.0,9.00,10.80,1006.50,13.70
2.01E+03,1.00E+01,7.00E+00,1.80E+01,4.30E+01,0.00E+00,10/7/2010,6:43:00 PM,280.779860,2.470,250.0,9.10,10.90,1007.00,13.70
2.01E+03,1.00E+01,7.00E+00,1.90E+01,4.30E+01,0.00E+00,10/7/2010,7:43:00 PM,280.821530,2.520,246.0,8.80,10.50,1007.70,13.80
2.01E+03,1.00E+01,7.00E+00,2.00E+01,4.30E+01,0.00E+00,10/7/2010,8:43:00 PM,280.863190,2.430,241.0,8.60,10.40,1008.10,14.00
2.01E+03,1.00E+01,7.00E+00,2.10E+01,4.30E+01,0.00E+00,10/7/2010,9:43:00 PM,280.904860,2.360,252.0,7.30,8.80,1008.50,13.80
2.01E+03,1.00E+01,7.00E+00,2.20E+01,4.30E+01,0.00E+00,10/7/2010,10:43:00 PM,280.946530,2.350,234.0,8.00,9.90,1008.80,14.00
2.01E+03,1.00E+01,7.00E+00,2.30E+01,4.30E+01,0.00E+00,10/7/2010,11:43:00 PM,280.988190,2.320,237.0,7.70,9.60,1009.60,14.00
2.01E+03,1.00E+01,8.00E+00,0.00E+00,4.30E+01,0.00E+00,10/8/2010,12:43:00 AM,281.029860,2.400,232.0,6.60,7.70,1009.90,13.90
2.01E+03,1.00E+01,8.00E+00,1.00E+00,4.30E+01,0.00E+00,10/8/2010,1:43:00 AM,281.071530,2.450,231.0,6.50,7.90,1010.50,13.70
2.01E+03,1.00E+01,8.00E+00,2.00E+00,4.30E+01,0.00E+00,10/8/2010,2:43:00 AM,281.113190,2.460,232.0,5.30,6.90,1011.00,13.70
2.01E+03,1.00E+01,8.00E+00,3.00E+00,4.30E+01,0.00E+00,10/8/2010,3:43:00 AM,281.154860,2.370,230.0,4.50,5.60,1011.20,13.60
2.01E+03,1.00E+01,8.00E+00,4.00E+00,4.30E+01,0.00E+00,10/8/2010,4:43:00 AM,281.196530,2.130,202.0,4.80,6.10,1011.70,13.70
2.01E+03,1.00E+01,8.00E+00,5.00E+00,4.30E+01,0.00E+00,10/8/2010,5:43:00 AM,281.238190,2.170,183.0,4.70,5.90,1011.50,13.80
2.01E+03,1.00E+01,8.00E+00,6.00E+00,4.30E+01,0.00E+00,10/8/2010,6:43:00 AM,281.279860,2.030,177.0,6.00,7.10,1011.10,13.80
2.01E+03,1.00E+01,8.00E+00,7.00E+00,4.30E+01,0.00E+00,10/8/2010,7:43:00 AM,281.321530,1.980,162.0,6.00,7.30,1010.70,13.90
2.01E+03,1.00E+01,8.00E+00,8.00E+00,4.30E+01,0.00E+00,10/8/2010,8:43:00 AM,281.363190,1.910,167.0,7.10,8.60,1010.10,13.90
2.01E+03,1.00E+01,8.00E+00,9.00E+00,4.30E+01,0.00E+00,10/8/2010,9:43:00 AM,281.404860,1.810,149.0,6.90,8.40,1009.00,14.00
2.01E+03,1.00E+01,8.00E+00,1.00E+01,4.30E+01,0.00E+00,10/8/2010,10:43:00 AM,281.446530,1.980,141.0,8.00,9.50,1008.20,14.00
2.01E+03,1.00E+01,8.00E+00,1.10E+01,4.30E+01,0.00E+00,10/8/2010,11:43:00 AM,281.488190,1.940,142.0,9.90,11.70,1007.20,14.10
2.01E+03,1.00E+01,8.00E+00,1.20E+01,4.30E+01,0.00E+00,10/8/2010,12:43:00 PM,281.529860,2.000,132.0,10.60,12.80,1005.70,14.10
2.01E+03,1.00E+01,8.00E+00,1.30E+01,4.30E+01,0.00E+00,10/8/2010,1:43:00 PM,281.571530,2.260,122.0,12.40,14.60,1003.60,14.00
2.01E+03,1.00E+01,8.00E+00,1.40E+01,4.30E+01,0.00E+00,10/8/2010,2:43:00 PM,281.613190,2.200,118.0,13.80,17.20,1000.90,13.80
2.01E+03,1.00E+01,8.00E+00,1.50E+01,4.30E+01,0.00E+00,10/8/2010,3:43:00 PM,281.654860,2.700,110.0,14.90,18.10,998.30,13.10
2.01E+03,1.00E+01,8.00E+00,1.60E+01,4.30E+01,0.00E+00,10/8/2010,4:43:00 PM,281.696530,2.850,104.0,15.40,19.70,994.90,13.10
2.01E+03,1.00E+01,8.00E+00,1.70E+01,4.30E+01,0.00E+00,10/8/2010,5:43:00 PM,281.738190,3.230,104.0,17.10,21.10,990.60,13.40
2.01E+03,1.00E+01,8.00E+00,1.80E+01,4.30E+01,0.00E+00,10/8/2010,6:43:00 PM,281.779860,3.750,112.0,16.50,21.70,986.30,14.40
2.01E+03,1.00E+01,8.00E+00,1.90E+01,4.30E+01,0.00E+00,10/8/2010,7:43:00 PM,281.821530,4.310,162.0,15.20,18.80,984.10,16.00
2.01E+03,1.00E+01,8.00E+00,2.00E+01,4.30E+01,0.00E+00,10/8/2010,8:43:00 PM,281.863190,4.240,172.0,15.50,19.40,982.80,16.10
2.01E+03,1.00E+01,8.00E+00,2.10E+01,4.30E+01,0.00E+00,10/8/2010,9:43:00 PM,281.904860,4.690,176.0,16.90,21.70,981.20,16.10
2.01E+03,1.00E+01,8.00E+00,2.20E+01,4.30E+01,0.00E+00,10/8/2010,10:43:00 PM,281.946530,4.930,178.0,19.40,25.90,978.90,15.00
2.01E+03,1.00E+01,8.00E+00,2.30E+01,4.30E+01,0.00E+00,10/8/2010,11:43:00 PM,281.988190,5.790,179.0,20.30,25.90,976.90,14.30
2.01E+03,1.00E+01,9.00E+00,0.00E+00,4.30E+01,0.00E+00,10/9/2010,12:43:00 AM,282.029860,6.300,205.0,20.00,26.30,977.90,14.50
2.01E+03,1.00E+01,9.00E+00,1.00E+00,4.30E+01,0.00E+00,10/9/2010,1:43:00 AM,282.071530,6.750,215.0,15.60,20.20,981.10,14.90
2.01E+03,1.00E+01,9.00E+00,2.00E+00,4.30E+01,0.00E+00,10/9/2010,2:43:00 AM,282.113190,7.050,242.0,20.30,24.70,984.90,13.80
2.01E+03,1.00E+01,9.00E+00,3.00E+00,4.30E+01,0.00E+00,10/9/2010,3:43:00 AM,282.154860,6.340,242.0,17.80,22.10,989.60,13.50
2.01E+03,1.00E+01,9.00E+00,4.00E+00,4.30E+01,0.00E+00,10/9/2010,4:43:00 AM,282.196530,7.500,248.0,16.80,21.40,993.40,13.30
2.01E+03,1.00E+01,9.00E+00,5.00E+00,4.30E+01,0.00E+00,10/9/2010,5:43:00 AM,282.238190,7.410,244.0,15.20,18.90,996.40,13.30
2.01E+03,1.00E+01,9.00E+00,6.00E+00,4.30E+01,0.00E+00,10/9/2010,6:43:00 AM,282.279860,7.460,247.0,13.50,17.00,998.90,13.10
2.01E+03,1.00E+01,9.00E+00,7.00E+00,4.30E+01,0.00E+00,10/9/2010,7:43:00 AM,282.321530,6.910,235.0,10.70,14.70,1000.50,13.40
2.01E+03,1.00E+01,9.00E+00,8.00E+00,4.30E+01,0.00E+00,10/9/2010,8:43:00 AM,282.363190,6.700,229.0,10.30,13.30,1001.60,13.50
2.01E+03,1.00E+01,9.00E+00,9.00E+00,4.30E+01,0.00E+00,10/9/2010,9:43:00 AM,282.404860,5.890,227.0,10.00,12.20,1002.70,13.50
2.01E+03,1.00E+01,9.00E+00,1.00E+01,4.30E+01,0.00E+00,10/9/2010,10:43:00 AM,282.446530,5.850,206.0,7.70,9.70,1002.30,13.70
2.01E+03,1.00E+01,9.00E+00,1.10E+01,4.30E+01,0.00E+00,10/9/2010,11:43:00 AM,282.488190,6.000,186.0,6.80,9.10,1002.10,13.50
2.01E+03,1.00E+01,9.00E+00,1.20E+01,4.30E+01,0.00E+00,10/9/2010,12:43:00 PM,282.529860,5.380,167.0,9.00,11.10,1001.80,13.80
2.01E+03,1.00E+01,9.00E+00,1.30E+01,4.30E+01,0.00E+00,10/9/2010,1:43:00 PM,282.571530,5.260,159.0,8.40,10.90,1001.10,13.90
2.01E+03,1.00E+01,9.00E+00,1.40E+01,4.30E+01,0.00E+00,10/9/2010,2:43:00 PM,282.613190,5.230,131.0,9.10,11.40,999.00,13.80
2.01E+03,1.00E+01,9.00E+00,1.50E+01,4.30E+01,0.00E+00,10/9/2010,3:43:00 PM,282.654860,4.480,133.0,12.40,16.80,996.70,13.80
2.01E+03,1.00E+01,9.00E+00,1.60E+01,4.30E+01,0.00E+00,10/9/2010,4:43:00 PM,282.696530,4.260,134.0,15.10,18.70,993.90,13.90
2.01E+03,1.00E+01,9.00E+00,1.70E+01,4.30E+01,0.00E+00,10/9/2010,5:43:00 PM,282.738190,4.570,146.0,17.40,22.40,991.30,14.60
2.01E+03,1.00E+01,9.00E+00,1.80E+01,4.30E+01,0.00E+00,10/9/2010,6:43:00 PM,282.779860,5.070,143.0,17.00,21.20,988.50,14.70
2.01E+03,1.00E+01,9.00E+00,1.90E+01,4.30E+01,0.00E+00,10/9/2010,7:43:00 PM,282.821530,5.510,164.0,14.30,17.50,987.60,15.50
2.01E+03,1.00E+01,9.00E+00,2.00E+01,4.30E+01,0.00E+00,10/9/2010,8:43:00 PM,282.863190,4.770,174.0,14.10,17.70,986.20,15.40
2.01E+03,1.00E+01,9.00E+00,2.10E+01,4.30E+01,0.00E+00,10/9/2010,9:43:00 PM,282.904860,4.910,176.0,13.50,17.50,984.30,15.40
2.01E+03,1.00E+01,9.00E+00,2.20E+01,4.30E+01,0.00E+00,10/9/2010,10:43:00 PM,282.946530,4.910,189.0,16.70,21.30,982.40,15.40
2.01E+03,1.00E+01,9.00E+00,2.30E+01,4.30E+01,0.00E+00,10/9/2010,11:43:00 PM,282.988190,5.540,263.0,21.90,27.70,985.70,10.90
2.01E+03,1.00E+01,1.00E+01,0.00E+00,4.30E+01,0.00E+00,10/10/2010,12:43:00 AM,283.029860,5.500,263.0,19.00,26.20,992.10,11.30
2.01E+03,1.00E+01,1.00E+01,1.00E+00,4.30E+01,0.00E+00,10/10/2010,1:43:00 AM,283.071530,6.400,265.0,17.90,23.10,996.40,11.10
2.01E+03,1.00E+01,1.00E+01,2.00E+00,4.30E+01,0.00E+00,10/10/2010,2:43:00 AM,283.113190,6.410,265.0,17.40,23.50,1000.00,11.60
2.01E+03,1.00E+01,1.00E+01,3.00E+00,4.30E+01,0.00E+00,10/10/2010,3:43:00 AM,283.154860,7.080,265.0,16.00,19.60,1003.40,11.90
2.01E+03,1.00E+01,1.00E+01,4.00E+00,4.30E+01,0.00E+00,10/10/2010,4:43:00 AM,283.196530,7.820,267.0,14.20,18.00,1006.40,11.90
2.01E+03,1.00E+01,1.00E+01,5.00E+00,4.30E+01,0.00E+00,10/10/2010,5:43:00 AM,283.238190,6.640,258.0,14.70,18.70,1008.80,12.20
2.01E+03,1.00E+01,1.00E+01,6.00E+00,4.30E+01,0.00E+00,10/10/2010,6:43:00 AM,283.279860,6.940,257.0,13.40,16.90,1011.00,12.50
2.01E+03,1.00E+01,1.00E+01,7.00E+00,4.30E+01,0.00E+00,10/10/2010,7:43:00 AM,283.321530,6.740,249.0,13.50,16.10,1013.10,12.50
2.01E+03,1.00E+01,1.00E+01,8.00E+00,4.30E+01,0.00E+00,10/10/2010,8:43:00 AM,283.363190,6.120,244.0,9.50,12.10,1014.80,12.00
2.01E+03,1.00E+01,1.00E+01,9.00E+00,4.30E+01,0.00E+00,10/10/2010,9:43:00 AM,283.404860,5.840,243.0,12.40,15.40,1015.80,12.50
2.01E+03,1.00E+01,1.00E+01,1.00E+01,4.30E+01,0.00E+00,10/10/2010,10:43:00 AM,283.446530,6.080,252.0,12.20,16.10,1017.00,12.30
2.01E+03,1.00E+01,1.00E+01,1.10E+01,4.30E+01,0.00E+00,10/10/2010,11:43:00 AM,283.488190,5.790,247.0,11.90,15.20,1018.20,12.20
2.01E+03,1.00E+01,1.00E+01,1.20E+01,4.30E+01,0.00E+00,10/10/2010,12:43:00 PM,283.529860,5.980,251.0,10.90,14.40,1019.50,12.40
2.01E+03,1.00E+01,1.00E+01,1.30E+01,4.30E+01,0.00E+00,10/10/2010,1:43:00 PM,283.571530,6.060,255.0,10.50,12.70,1020.60,12.40
2.01E+03,1.00E+01,1.00E+01,1.40E+01,4.30E+01,0.00E+00,10/10/2010,2:43:00 PM,283.613190,5.860,255.0,10.60,12.50,1021.30,12.60
2.01E+03,1.00E+01,1.00E+01,1.50E+01,4.30E+01,0.00E+00,10/10/2010,3:43:00 PM,283.654860,5.230,249.0,10.10,12.40,1022.30,12.60
2.01E+03,1.00E+01,1.00E+01,1.60E+01,4.30E+01,0.00E+00,10/10/2010,4:43:00 PM,283.696530,5.270,234.0,9.00,11.30,1023.00,12.70
2.01E+03,1.00E+01,1.00E+01,1.70E+01,4.30E+01,0.00E+00,10/10/2010,5:43:00 PM,283.738190,4.900,234.0,9.80,11.80,1023.40,12.70
2.01E+03,1.00E+01,1.00E+01,1.80E+01,4.30E+01,0.00E+00,10/10/2010,6:43:00 PM,283.779860,4.830,232.0,9.90,12.30,1023.60,12.80
2.01E+03,1.00E+01,1.00E+01,1.90E+01,4.30E+01,0.00E+00,10/10/2010,7:43:00 PM,283.821530,4.330,223.0,10.10,12.50,1023.60,12.90
2.01E+03,1.00E+01,1.00E+01,2.00E+01,4.30E+01,0.00E+00,10/10/2010,8:43:00 PM,283.863190,4.780,223.0,10.30,13.60,1023.50,12.90
2.01E+03,1.00E+01,1.00E+01,2.10E+01,4.30E+01,0.00E+00,10/10/2010,9:43:00 PM,283.904860,4.670,222.0,10.60,13.60,1023.10,13.00
2.01E+03,1.00E+01,1.00E+01,2.20E+01,4.30E+01,0.00E+00,10/10/2010,10:43:00 PM,283.946530,4.440,219.0,10.90,13.20,1022.60,12.80
2.01E+03,1.00E+01,1.00E+01,2.30E+01,4.30E+01,0.00E+00,10/10/2010,11:43:00 PM,283.988190,4.430,211.0,11.10,14.00,1022.40,12.70
2.01E+03,1.00E+01,1.10E+01,0.00E+00,4.30E+01,0.00E+00,10/11/2010,12:43:00 AM,284.029860,4.530,217.0,10.90,13.60,1021.80,12.00
2.01E+03,1.00E+01,1.10E+01,1.00E+00,4.30E+01,0.00E+00,10/11/2010,1:43:00 AM,284.071530,4.420,204.0,10.90,13.10,1021.60,12.30
2.01E+03,1.00E+01,1.10E+01,2.00E+00,4.30E+01,0.00E+00,10/11/2010,2:43:00 AM,284.113190,4.360,199.0,10.70,13.50,1021.30,12.40
2.01E+03,1.00E+01,1.10E+01,3.00E+00,4.30E+01,0.00E+00,10/11/2010,3:43:00 AM,284.154860,4.280,217.0,11.60,13.90,1020.80,13.00
2.01E+03,1.00E+01,1.10E+01,4.00E+00,4.30E+01,0.00E+00,10/11/2010,4:43:00 AM,284.196530,4.330,216.0,12.80,15.60,1020.30,13.10
2.01E+03,1.00E+01,1.10E+01,5.00E+00,4.30E+01,0.00E+00,10/11/2010,5:43:00 AM,284.238190,4.600,224.0,13.00,17.00,1020.10,13.20
2.01E+03,1.00E+01,1.10E+01,6.00E+00,4.30E+01,0.00E+00,10/11/2010,6:43:00 AM,284.279860,4.760,229.0,13.60,17.10,1019.80,13.30
2.01E+03,1.00E+01,1.10E+01,7.00E+00,4.30E+01,0.00E+00,10/11/2010,7:43:00 AM,284.321530,4.320,222.0,12.40,15.10,1019.50,13.10
2.01E+03,1.00E+01,1.10E+01,8.00E+00,4.30E+01,0.00E+00,10/11/2010,8:43:00 AM,284.363190,4.360,251.0,11.00,14.20,1019.50,12.70
2.01E+03,1.00E+01,1.10E+01,9.00E+00,4.30E+01,0.00E+00,10/11/2010,9:43:00 AM,284.404860,4.810,241.0,12.30,15.50,1019.40,12.80
2.01E+03,1.00E+01,1.10E+01,1.00E+01,4.30E+01,0.00E+00,10/11/2010,10:43:00 AM,284.446530,4.320,244.0,9.40,11.50,1019.20,12.80
2.01E+03,1.00E+01,1.10E+01,1.10E+01,4.30E+01,0.00E+00,10/11/2010,11:43:00 AM,284.488190,4.000,238.0,11.30,14.40,1019.20,13.30
2.01E+03,1.00E+01,1.10E+01,1.20E+01,4.30E+01,0.00E+00,10/11/2010,12:43:00 PM,284.529860,4.320,257.0,13.40,18.10,1019.60,13.30
2.01E+03,1.00E+01,1.10E+01,1.30E+01,4.30E+01,0.00E+00,10/11/2010,1:43:00 PM,284.571530,4.360,249.0,10.10,12.60,1020.50,13.10
2.01E+03,1.00E+01,1.10E+01,1.40E+01,4.30E+01,0.00E+00,10/11/2010,2:43:00 PM,284.613190,4.090,238.0,9.30,11.80,1020.90,13.00
2.01E+03,1.00E+01,1.10E+01,1.50E+01,4.30E+01,0.00E+00,10/11/2010,3:43:00 PM,284.654860,4.180,240.0,10.80,13.10,1021.20,13.40
2.01E+03,1.00E+01,1.10E+01,1.60E+01,4.30E+01,0.00E+00,10/11/2010,4:43:00 PM,284.696530,4.000,228.0,10.60,13.80,1021.30,13.40
2.01E+03,1.00E+01,1.10E+01,1.70E+01,4.30E+01,0.00E+00,10/11/2010,5:43:00 PM,284.738190,3.900,236.0,11.00,13.60,1021.80,12.40
2.01E+03,1.00E+01,1.10E+01,1.80E+01,4.30E+01,0.00E+00,10/11/2010,6:43:00 PM,284.779860,4.180,234.0,10.20,12.20,1022.20,13.10
2.01E+03,1.00E+01,1.10E+01,1.90E+01,4.30E+01,0.00E+00,10/11/2010,7:43:00 PM,284.821530,4.250,220.0,9.00,11.00,1022.40,13.40
2.01E+03,1.00E+01,1.10E+01,2.00E+01,4.30E+01,0.00E+00,10/11/2010,8:43:00 PM,284.863190,4.260,239.0,10.50,12.90,1022.30,13.20
2.01E+03,1.00E+01,1.10E+01,2.10E+01,4.30E+01,0.00E+00,10/11/2010,9:43:00 PM,284.904860,4.370,228.0,9.10,11.20,1022.30,13.30
2.01E+03,1.00E+01,1.10E+01,2.20E+01,4.30E+01,0.00E+00,10/11/2010,10:43:00 PM,284.946530,4.360,225.0,9.40,11.50,1022.30,13.30
2.01E+03,1.00E+01,1.10E+01,2.30E+01,4.30E+01,0.00E+00,10/11/2010,11:43:00 PM,284.988190,4.130,226.0,9.30,11.30,1021.90,13.30
2.01E+03,1.00E+01,1.20E+01,0.00E+00,4.30E+01,0.00E+00,10/12/2010,12:43:00 AM,285.029860,3.850,213.0,8.20,10.60,1021.50,13.20
2.01E+03,1.00E+01,1.20E+01,1.00E+00,4.30E+01,0.00E+00,10/12/2010,1:43:00 AM,285.071530,3.580,214.0,9.10,10.70,1021.20,13.20
2.01E+03,1.00E+01,1.20E+01,2.00E+00,4.30E+01,0.00E+00,10/12/2010,2:43:00 AM,285.113190,3.530,204.0,9.10,11.20,1021.20,13.20
2.01E+03,1.00E+01,1.20E+01,3.00E+00,4.30E+01,0.00E+00,10/12/2010,3:43:00 AM,285.154860,3.580,202.0,9.70,11.80,1021.00,13.30
2.01E+03,1.00E+01,1.20E+01,4.00E+00,4.30E+01,0.00E+00,10/12/2010,4:43:00 AM,285.196530,3.300,194.0,9.90,12.50,1020.60,13.30
2.01E+03,1.00E+01,1.20E+01,5.00E+00,4.30E+01,0.00E+00,10/12/2010,5:43:00 AM,285.238190,3.300,176.0,10.20,12.80,1018.80,13.40
2.01E+03,1.00E+01,1.20E+01,6.00E+00,4.30E+01,0.00E+00,10/12/2010,6:43:00 AM,285.279860,3.310,187.0,12.40,15.70,1018.70,13.60
2.01E+03,1.00E+01,1.20E+01,7.00E+00,4.30E+01,0.00E+00,10/12/2010,7:43:00 AM,285.321530,3.670,192.0,11.70,14.40,1017.80,13.70
2.01E+03,1.00E+01,1.20E+01,8.00E+00,4.30E+01,0.00E+00,10/12/2010,8:43:00 AM,285.363190,3.860,191.0,15.70,20.00,1016.20,13.80
2.01E+03,1.00E+01,1.20E+01,9.00E+00,4.30E+01,0.00E+00,10/12/2010,9:43:00 AM,285.404860,4.260,191.0,16.10,19.90,1015.10,13.50
2.01E+03,1.00E+01,1.20E+01,1.00E+01,4.30E+01,0.00E+00,10/12/2010,10:43:00 AM,285.446530,4.360,193.0,15.40,18.50,1014.60,13.30
2.01E+03,1.00E+01,1.20E+01,1.10E+01,4.30E+01,0.00E+00,10/12/2010,11:43:00 AM,285.488190,4.480,195.0,15.90,19.50,1014.10,13.30
2.01E+03,1.00E+01,1.20E+01,1.20E+01,4.30E+01,0.00E+00,10/12/2010,12:43:00 PM,285.529860,4.750,196.0,15.20,18.70,1013.80,13.20
2.01E+03,1.00E+01,1.20E+01,1.30E+01,4.30E+01,0.00E+00,10/12/2010,1:43:00 PM,285.571530,4.650,200.0,14.90,18.10,1013.40,13.20
2.01E+03,1.00E+01,1.20E+01,1.40E+01,4.30E+01,0.00E+00,10/12/2010,2:43:00 PM,285.613190,4.680,209.0,14.20,17.00,1013.50,13.30
2.01E+03,1.00E+01,1.20E+01,1.50E+01,4.30E+01,0.00E+00,10/12/2010,3:43:00 PM,285.654860,4.940,212.0,12.90,15.30,1014.10,13.30
2.01E+03,1.00E+01,1.20E+01,1.60E+01,4.30E+01,0.00E+00,10/12/2010,4:43:00 PM,285.696530,4.570,252.0,8.20,11.30,1015.60,12.70
2.01E+03,1.00E+01,1.20E+01,1.70E+01,4.30E+01,0.00E+00,10/12/2010,5:43:00 PM,285.738190,4.560,268.0,7.20,10.00,1016.50,11.90
2.01E+03,1.00E+01,1.20E+01,1.80E+01,4.30E+01,0.00E+00,10/12/2010,6:43:00 PM,285.779860,4.730,257.0,6.20,8.20,1017.10,11.50
2.01E+03,1.00E+01,1.20E+01,1.90E+01,4.30E+01,0.00E+00,10/12/2010,7:43:00 PM,285.821530,4.410,270.0,4.50,6.30,1017.70,11.40
2.01E+03,1.00E+01,1.20E+01,2.00E+01,4.30E+01,0.00E+00,10/12/2010,8:43:00 PM,285.863190,4.700,275.0,3.20,5.00,1017.60,10.70
2.01E+03,1.00E+01,1.20E+01,2.10E+01,4.30E+01,0.00E+00,10/12/2010,9:43:00 PM,285.904860,4.610,212.0,2.20,3.60,1017.30,10.90
2.01E+03,1.00E+01,1.20E+01,2.20E+01,4.30E+01,0.00E+00,10/12/2010,10:43:00 PM,285.946530,4.430,212.0,1.10,2.00,1017.20,11.00
2.01E+03,1.00E+01,1.20E+01,2.30E+01,4.30E+01,0.00E+00,10/12/2010,11:43:00 PM,285.988190,4.380,314.0,0.80,2.10,1017.30,11.00
2.01E+03,1.00E+01,1.30E+01,0.00E+00,4.30E+01,0.00E+00,10/13/2010,12:43:00 AM,286.029860,4.490,322.0,3.50,4.80,1017.10,10.30
2.01E+03,1.00E+01,1.30E+01,1.00E+00,4.30E+01,0.00E+00,10/13/2010,1:43:00 AM,286.071530,4.110,5.0,2.90,4.30,1016.70,10.50
2.01E+03,1.00E+01,1.30E+01,2.00E+00,4.30E+01,0.00E+00,10/13/2010,2:43:00 AM,286.113190,4.050,28.0,3.40,4.80,1016.90,10.40
2.01E+03,1.00E+01,1.30E+01,3.00E+00,4.30E+01,0.00E+00,10/13/2010,3:43:00 AM,286.154860,4.200,38.0,4.20,6.20,1016.40,10.40
2.01E+03,1.00E+01,1.30E+01,4.00E+00,4.30E+01,0.00E+00,10/13/2010,4:43:00 AM,286.196530,3.910,82.0,5.60,7.70,1015.50,11.50
2.01E+03,1.00E+01,1.30E+01,5.00E+00,4.30E+01,0.00E+00,10/13/2010,5:43:00 AM,286.238190,4.050,197.0,9.00,13.20,1014.60,13.50
2.01E+03,1.00E+01,1.30E+01,6.00E+00,4.30E+01,0.00E+00,10/13/2010,6:43:00 AM,286.279860,4.160,187.0,10.00,12.60,1013.90,14.00
2.01E+03,1.00E+01,1.30E+01,7.00E+00,4.30E+01,0.00E+00,10/13/2010,7:43:00 AM,286.321530,3.810,183.0,10.70,13.00,1013.10,14.00
2.01E+03,1.00E+01,1.30E+01,8.00E+00,4.30E+01,0.00E+00,10/13/2010,8:43:00 AM,286.363190,4.530,181.0,10.80,13.60,1012.50,14.00
2.01E+03,1.00E+01,1.30E+01,9.00E+00,4.30E+01,0.00E+00,10/13/2010,9:43:00 AM,286.404860,4.090,178.0,10.80,13.10,1011.40,14.00
2.01E+03,1.00E+01,1.30E+01,1.00E+01,4.30E+01,0.00E+00,10/13/2010,10:43:00 AM,286.446530,3.990,175.0,11.00,13.40,1010.60,13.70
2.01E+03,1.00E+01,1.30E+01,1.10E+01,4.30E+01,0.00E+00,10/13/2010,11:43:00 AM,286.488190,3.800,167.0,11.20,13.80,1009.30,14.00
2.01E+03,1.00E+01,1.30E+01,1.20E+01,4.30E+01,0.00E+00,10/13/2010,12:43:00 PM,286.529860,3.760,162.0,11.90,14.60,1007.70,13.50
2.01E+03,1.00E+01,1.30E+01,1.30E+01,4.30E+01,0.00E+00,10/13/2010,1:43:00 PM,286.571530,3.510,152.0,13.20,17.00,1005.90,13.40
2.01E+03,1.00E+01,1.30E+01,1.40E+01,4.30E+01,0.00E+00,10/13/2010,2:43:00 PM,286.613190,3.850,153.0,16.10,20.00,1003.30,13.30
2.01E+03,1.00E+01,1.30E+01,1.50E+01,4.30E+01,0.00E+00,10/13/2010,3:43:00 PM,286.654860,4.030,160.0,17.60,21.10,1002.00,13.20
2.01E+03,1.00E+01,1.30E+01,1.60E+01,4.30E+01,0.00E+00,10/13/2010,4:43:00 PM,286.696530,4.560,166.0,17.70,21.90,1001.10,13.60
2.01E+03,1.00E+01,1.30E+01,1.70E+01,4.30E+01,0.00E+00,10/13/2010,5:43:00 PM,286.738190,5.100,183.0,17.60,21.80,1000.90,14.20
2.01E+03,1.00E+01,1.30E+01,1.80E+01,4.30E+01,0.00E+00,10/13/2010,6:43:00 PM,286.779860,5.270,208.0,17.30,22.50,1001.70,13.10
2.01E+03,1.00E+01,1.30E+01,1.90E+01,4.30E+01,0.00E+00,10/13/2010,7:43:00 PM,286.821530,6.190,247.0,16.50,21.20,1004.20,10.40
2.01E+03,1.00E+01,1.30E+01,2.00E+01,4.30E+01,0.00E+00,10/13/2010,8:43:00 PM,286.863190,5.880,261.0,15.60,19.20,1006.20,10.20
2.01E+03,1.00E+01,1.30E+01,2.10E+01,4.30E+01,0.00E+00,10/13/2010,9:43:00 PM,286.904860,5.620,257.0,13.90,20.00,1007.70,10.50
2.01E+03,1.00E+01,1.30E+01,2.20E+01,4.30E+01,0.00E+00,10/13/2010,10:43:00 PM,286.946530,5.180,260.0,13.50,16.50,1009.00,10.60
2.01E+03,1.00E+01,1.30E+01,2.30E+01,4.30E+01,0.00E+00,10/13/2010,11:43:00 PM,286.988190,4.900,264.0,14.10,17.90,1010.30,10.80
2.01E+03,1.00E+01,1.40E+01,0.00E+00,4.30E+01,0.00E+00,10/14/2010,12:43:00 AM,287.029860,5.410,262.0,11.30,14.10,1011.40,11.00
2.01E+03,1.00E+01,1.40E+01,1.00E+00,4.30E+01,0.00E+00,10/14/2010,1:43:00 AM,287.071530,5.160,255.0,11.40,13.80,1012.20,10.90
2.01E+03,1.00E+01,1.40E+01,2.00E+00,4.30E+01,0.00E+00,10/14/2010,2:43:00 AM,287.113190,4.620,251.0,10.80,13.30,1013.20,11.10
2.01E+03,1.00E+01,1.40E+01,3.00E+00,4.30E+01,0.00E+00,10/14/2010,3:43:00 AM,287.154860,4.680,236.0,9.80,11.90,1014.20,11.20
2.01E+03,1.00E+01,1.40E+01,4.00E+00,4.30E+01,0.00E+00,10/14/2010,4:43:00 AM,287.196530,4.460,226.0,10.00,11.70,1014.90,11.20
2.01E+03,1.00E+01,1.40E+01,5.00E+00,4.30E+01,0.00E+00,10/14/2010,5:43:00 AM,287.238190,4.550,242.0,10.30,12.50,1015.80,10.90
2.01E+03,1.00E+01,1.40E+01,6.00E+00,4.30E+01,0.00E+00,10/14/2010,6:43:00 AM,287.279860,4.540,238.0,8.10,10.90,1016.40,10.70
2.01E+03,1.00E+01,1.40E+01,7.00E+00,4.30E+01,0.00E+00,10/14/2010,7:43:00 AM,287.321530,4.500,251.0,8.90,11.60,1016.60,11.10
2.01E+03,1.00E+01,1.40E+01,8.00E+00,4.30E+01,0.00E+00,10/14/2010,8:43:00 AM,287.363190,4.910,245.0,9.40,11.70,1017.10,10.90
2.01E+03,1.00E+01,1.40E+01,9.00E+00,4.30E+01,0.00E+00,10/14/2010,9:43:00 AM,287.404860,4.670,235.0,6.80,8.40,1017.50,10.30
2.01E+03,1.00E+01,1.40E+01,1.00E+01,4.30E+01,0.00E+00,10/14/2010,10:43:00 AM,287.446530,4.590,239.0,11.70,14.80,1017.40,10.60
2.01E+03,1.00E+01,1.40E+01,1.10E+01,4.30E+01,0.00E+00,10/14/2010,11:43:00 AM,287.488190,4.180,231.0,8.30,10.00,1017.70,10.30
2.01E+03,1.00E+01,1.40E+01,1.20E+01,4.30E+01,0.00E+00,10/14/2010,12:43:00 PM,287.529860,4.480,252.0,10.30,12.70,1018.10,10.60
2.01E+03,1.00E+01,1.40E+01,1.30E+01,4.30E+01,0.00E+00,10/14/2010,1:43:00 PM,287.571530,3.910,250.0,9.50,11.80,1018.60,10.30
2.01E+03,1.00E+01,1.40E+01,1.40E+01,4.30E+01,0.00E+00,10/14/2010,2:43:00 PM,287.613190,3.920,258.0,8.80,11.20,1019.10,10.40
2.01E+03,1.00E+01,1.40E+01,1.50E+01,4.30E+01,0.00E+00,10/14/2010,3:43:00 PM,287.654860,3.580,271.0,9.20,11.00,1019.70,10.50
2.01E+03,1.00E+01,1.40E+01,1.60E+01,4.30E+01,0.00E+00,10/14/2010,4:43:00 PM,287.696530,3.600,279.0,9.50,12.00,1020.40,10.00
2.01E+03,1.00E+01,1.40E+01,1.70E+01,4.30E+01,0.00E+00,10/14/2010,5:43:00 PM,287.738190,3.380,267.0,8.50,10.80,1021.00,10.60
2.01E+03,1.00E+01,1.40E+01,1.80E+01,4.30E+01,0.00E+00,10/14/2010,6:43:00 PM,287.779860,3.230,262.0,9.30,12.10,1021.70,10.50
2.01E+03,1.00E+01,1.40E+01,1.90E+01,4.30E+01,0.00E+00,10/14/2010,7:43:00 PM,287.821530,3.170,289.0,8.80,10.80,1022.40,10.50
2.01E+03,1.00E+01,1.40E+01,2.00E+01,4.30E+01,0.00E+00,10/14/2010,8:43:00 PM,287.863190,3.020,290.0,8.30,10.00,1022.60,10.70
2.01E+03,1.00E+01,1.40E+01,2.10E+01,4.30E+01,0.00E+00,10/14/2010,9:43:00 PM,287.904860,2.740,270.0,8.20,10.50,1023.00,11.10
2.01E+03,1.00E+01,1.40E+01,2.20E+01,4.30E+01,0.00E+00,10/14/2010,10:43:00 PM,287.946530,2.830,268.0,8.40,10.30,1023.20,11.00
2.01E+03,1.00E+01,1.40E+01,2.30E+01,4.30E+01,0.00E+00,10/14/2010,11:43:00 PM,287.988190,3.070,265.0,8.00,9.90,1023.30,11.10
2.01E+03,1.00E+01,1.50E+01,0.00E+00,4.30E+01,0.00E+00,10/15/2010,12:43:00 AM,288.029860,2.940,263.0,8.80,10.90,1023.60,11.00
2.01E+03,1.00E+01,1.50E+01,1.00E+00,4.30E+01,0.00E+00,10/15/2010,1:43:00 AM,288.071530,3.060,261.0,7.80,9.70,1024.00,10.70
2.01E+03,1.00E+01,1.50E+01,2.00E+00,4.30E+01,0.00E+00,10/15/2010,2:43:00 AM,288.113190,3.020,271.0,7.80,9.40,1024.60,10.70
2.01E+03,1.00E+01,1.50E+01,3.00E+00,4.30E+01,0.00E+00,10/15/2010,3:43:00 AM,288.154860,3.230,271.0,7.00,9.50,1025.10,10.30
2.01E+03,1.00E+01,1.50E+01,4.00E+00,4.30E+01,0.00E+00,10/15/2010,4:43:00 AM,288.196530,3.240,274.0,7.60,9.10,1025.60,10.70
2.01E+03,1.00E+01,1.50E+01,5.00E+00,4.30E+01,0.00E+00,10/15/2010,5:43:00 AM,288.238190,3.150,265.0,7.10,8.60,1026.10,10.60
2.01E+03,1.00E+01,1.50E+01,6.00E+00,4.30E+01,0.00E+00,10/15/2010,6:43:00 AM,288.279860,3.120,260.0,5.50,8.80,1026.30,10.70
2.01E+03,1.00E+01,1.50E+01,7.00E+00,4.30E+01,0.00E+00,10/15/2010,7:43:00 AM,288.321530,3.050,254.0,7.10,9.60,1026.40,10.80
2.01E+03,1.00E+01,1.50E+01,8.00E+00,4.30E+01,0.00E+00,10/15/2010,8:43:00 AM,288.363190,2.940,250.0,6.90,8.30,1026.60,10.70
2.01E+03,1.00E+01,1.50E+01,9.00E+00,4.30E+01,0.00E+00,10/15/2010,9:43:00 AM,288.404860,3.090,242.0,6.00,7.80,1026.80,10.70
2.01E+03,1.00E+01,1.50E+01,1.00E+01,4.30E+01,0.00E+00,10/15/2010,10:43:00 AM,288.446530,2.970,250.0,6.50,8.20,1026.50,11.00
2.01E+03,1.00E+01,1.50E+01,1.10E+01,4.30E+01,0.00E+00,10/15/2010,11:43:00 AM,288.488190,2.830,255.0,5.80,7.30,1026.50,10.90
2.01E+03,1.00E+01,1.50E+01,1.20E+01,4.30E+01,0.00E+00,10/15/2010,12:43:00 PM,288.529860,2.520,232.0,5.90,7.60,1026.50,11.00
2.01E+03,1.00E+01,1.50E+01,1.30E+01,4.30E+01,0.00E+00,10/15/2010,1:43:00 PM,288.571530,2.390,231.0,5.70,7.10,1026.50,11.10
2.01E+03,1.00E+01,1.50E+01,1.40E+01,4.30E+01,0.00E+00,10/15/2010,2:43:00 PM,288.613190,2.400,231.0,5.00,6.30,1026.70,11.30
2.01E+03,1.00E+01,1.50E+01,1.50E+01,4.30E+01,0.00E+00,10/15/2010,3:43:00 PM,288.654860,2.320,215.0,6.40,8.30,1027.00,11.00
2.01E+03,1.00E+01,1.50E+01,1.60E+01,4.30E+01,0.00E+00,10/15/2010,4:43:00 PM,288.696530,2.440,202.0,6.70,8.40,1027.30,10.50
2.01E+03,1.00E+01,1.50E+01,1.70E+01,4.30E+01,0.00E+00,10/15/2010,5:43:00 PM,288.738190,2.300,177.0,5.20,6.80,1027.20,10.60
2.01E+03,1.00E+01,1.50E+01,1.80E+01,4.30E+01,0.00E+00,10/15/2010,6:43:00 PM,288.779860,2.670,204.0,6.10,8.00,1026.90,11.60
2.01E+03,1.00E+01,1.50E+01,1.90E+01,4.30E+01,0.00E+00,10/15/2010,7:43:00 PM,288.821530,2.520,208.0,7.70,9.10,1026.70,11.90
2.01E+03,1.00E+01,1.50E+01,2.00E+01,4.30E+01,0.00E+00,10/15/2010,8:43:00 PM,288.863190,2.460,211.0,7.80,9.50,1026.30,12.00
2.01E+03,1.00E+01,1.50E+01,2.10E+01,4.30E+01,0.00E+00,10/15/2010,9:43:00 PM,288.904860,2.460,212.0,7.50,8.90,1026.00,11.90
2.01E+03,1.00E+01,1.50E+01,2.20E+01,4.30E+01,0.00E+00,10/15/2010,10:43:00 PM,288.946530,2.360,213.0,7.80,9.30,1025.60,12.00
2.01E+03,1.00E+01,1.50E+01,2.30E+01,4.30E+01,0.00E+00,10/15/2010,11:43:00 PM,288.988190,2.390,209.0,6.90,8.30,1025.30,12.00
2.01E+03,1.00E+01,1.60E+01,0.00E+00,4.30E+01,0.00E+00,10/16/2010,12:43:00 AM,289.029860,2.370,213.0,6.50,7.90,1024.80,12.00
2.01E+03,1.00E+01,1.60E+01,1.00E+00,4.30E+01,0.00E+00,10/16/2010,1:43:00 AM,289.071530,2.260,213.0,6.40,7.60,1024.50,12.00
2.01E+03,1.00E+01,1.60E+01,2.00E+00,4.30E+01,0.00E+00,10/16/2010,2:43:00 AM,289.113190,1.940,204.0,6.80,7.90,1024.40,12.10
2.01E+03,1.00E+01,1.60E+01,3.00E+00,4.30E+01,0.00E+00,10/16/2010,3:43:00 AM,289.154860,1.800,200.0,7.20,8.60,1024.20,12.20
2.01E+03,1.00E+01,1.60E+01,4.00E+00,4.30E+01,0.00E+00,10/16/2010,4:43:00 AM,289.196530,1.770,204.0,7.40,8.70,1023.90,12.20
2.01E+03,1.00E+01,1.60E+01,5.00E+00,4.30E+01,0.00E+00,10/16/2010,5:43:00 AM,289.238190,1.720,200.0,7.60,9.30,1023.60,12.20
2.01E+03,1.00E+01,1.60E+01,6.00E+00,4.30E+01,0.00E+00,10/16/2010,6:43:00 AM,289.279860,1.660,200.0,7.90,9.70,1023.40,12.30
2.01E+03,1.00E+01,1.60E+01,7.00E+00,4.30E+01,0.00E+00,10/16/2010,7:43:00 AM,289.321530,1.830,196.0,7.80,9.30,1023.10,12.30
2.01E+03,1.00E+01,1.60E+01,8.00E+00,4.30E+01,0.00E+00,10/16/2010,8:43:00 AM,289.363190,1.860,192.0,8.60,10.30,1022.80,12.30
2.01E+03,1.00E+01,1.60E+01,9.00E+00,4.30E+01,0.00E+00,10/16/2010,9:43:00 AM,289.404860,2.040,198.0,8.80,10.30,1022.50,12.40
2.01E+03,1.00E+01,1.60E+01,1.00E+01,4.30E+01,0.00E+00,10/16/2010,10:43:00 AM,289.446530,2.020,195.0,9.00,10.90,1021.80,12.40
2.01E+03,1.00E+01,1.60E+01,1.10E+01,4.30E+01,0.00E+00,10/16/2010,11:43:00 AM,289.488190,2.240,195.0,9.00,10.80,1021.30,12.40
2.01E+03,1.00E+01,1.60E+01,1.20E+01,4.30E+01,0.00E+00,10/16/2010,12:43:00 PM,289.529860,2.260,194.0,8.50,10.10,1021.10,12.40
2.01E+03,1.00E+01,1.60E+01,1.30E+01,4.30E+01,0.00E+00,10/16/2010,1:43:00 PM,289.571530,2.270,192.0,8.70,10.60,1020.90,12.40
2.01E+03,1.00E+01,1.60E+01,1.40E+01,4.30E+01,0.00E+00,10/16/2010,2:43:00 PM,289.613190,2.230,187.0,8.40,10.20,1020.50,12.40
2.01E+03,1.00E+01,1.60E+01,1.50E+01,4.30E+01,0.00E+00,10/16/2010,3:43:00 PM,289.654860,2.090,198.0,9.10,11.20,1020.70,12.70
2.01E+03,1.00E+01,1.60E+01,1.60E+01,4.30E+01,0.00E+00,10/16/2010,4:43:00 PM,289.696530,1.930,194.0,8.20,9.90,1021.10,12.60
2.01E+03,1.00E+01,1.60E+01,1.70E+01,4.30E+01,0.00E+00,10/16/2010,5:43:00 PM,289.738190,1.830,191.0,9.00,10.70,1021.20,12.80
2.01E+03,1.00E+01,1.60E+01,1.80E+01,4.30E+01,0.00E+00,10/16/2010,6:43:00 PM,289.779860,1.780,182.0,9.30,11.00,1020.90,12.80
2.01E+03,1.00E+01,1.60E+01,1.90E+01,4.30E+01,0.00E+00,10/16/2010,7:43:00 PM,289.821530,1.990,177.0,9.60,11.60,1020.20,12.90
2.01E+03,1.00E+01,1.60E+01,2.00E+01,4.30E+01,0.00E+00,10/16/2010,8:43:00 PM,289.863190,2.010,181.0,9.20,11.60,1019.70,12.90
2.01E+03,1.00E+01,1.60E+01,2.10E+01,4.30E+01,0.00E+00,10/16/2010,9:43:00 PM,289.904860,2.190,184.0,10.40,13.00,1019.30,12.90
2.01E+03,1.00E+01,1.60E+01,2.20E+01,4.30E+01,0.00E+00,10/16/2010,10:43:00 PM,289.946530,2.500,191.0,12.00,16.00,1018.80,12.60
2.01E+03,1.00E+01,1.60E+01,2.30E+01,4.30E+01,0.00E+00,10/16/2010,11:43:00 PM,289.988190,2.660,184.0,10.50,13.10,1018.70,12.10
2.01E+03,1.00E+01,1.70E+01,0.00E+00,4.30E+01,0.00E+00,10/17/2010,12:43:00 AM,290.029860,3.020,195.0,8.80,10.40,1018.30,12.00
2.01E+03,1.00E+01,1.70E+01,1.00E+00,4.30E+01,0.00E+00,10/17/2010,1:43:00 AM,290.071530,2.990,197.0,7.20,8.30,1018.10,12.30
2.01E+03,1.00E+01,1.70E+01,2.00E+00,4.30E+01,0.00E+00,10/17/2010,2:43:00 AM,290.113190,2.770,207.0,8.30,9.30,1018.10,12.10
2.01E+03,1.00E+01,1.70E+01,3.00E+00,4.30E+01,0.00E+00,10/17/2010,3:43:00 AM,290.154860,2.680,215.0,9.00,10.60,1018.40,12.30
2.01E+03,1.00E+01,1.70E+01,4.00E+00,4.30E+01,0.00E+00,10/17/2010,4:43:00 AM,290.196530,2.550,204.0,8.00,9.50,1018.30,12.50
2.01E+03,1.00E+01,1.70E+01,5.00E+00,4.30E+01,0.00E+00,10/17/2010,5:43:00 AM,290.238190,2.370,204.0,7.40,8.90,1018.30,12.50
2.01E+03,1.00E+01,1.70E+01,6.00E+00,4.30E+01,0.00E+00,10/17/2010,6:43:00 AM,290.279860,2.360,206.0,7.40,9.00,1018.00,12.30
2.01E+03,1.00E+01,1.70E+01,7.00E+00,4.30E+01,0.00E+00,10/17/2010,7:43:00 AM,290.321530,2.260,215.0,9.50,12.90,1017.90,12.40
2.01E+03,1.00E+01,1.70E+01,8.00E+00,4.30E+01,0.00E+00,10/17/2010,8:43:00 AM,290.363190,2.220,201.0,8.80,11.20,1017.50,12.60
2.01E+03,1.00E+01,1.70E+01,9.00E+00,4.30E+01,0.00E+00,10/17/2010,9:43:00 AM,290.404860,2.150,198.0,8.40,10.50,1017.20,12.60
2.01E+03,1.00E+01,1.70E+01,1.00E+01,4.30E+01,0.00E+00,10/17/2010,10:43:00 AM,290.446530,2.210,193.0,9.60,11.50,1016.70,12.80
2.01E+03,1.00E+01,1.70E+01,1.10E+01,4.30E+01,0.00E+00,10/17/2010,11:43:00 AM,290.488190,2.270,192.0,9.90,11.80,1016.10,12.90
2.01E+03,1.00E+01,1.70E+01,1.20E+01,4.30E+01,0.00E+00,10/17/2010,12:43:00 PM,290.529860,2.430,202.0,10.00,12.60,1016.10,12.90
2.01E+03,1.00E+01,1.70E+01,1.30E+01,4.30E+01,0.00E+00,10/17/2010,1:43:00 PM,290.571530,2.520,194.0,11.10,13.30,1015.60,12.70
2.01E+03,1.00E+01,1.70E+01,1.40E+01,4.30E+01,0.00E+00,10/17/2010,2:43:00 PM,290.613190,2.710,199.0,11.30,13.40,1015.50,12.60
2.01E+03,1.00E+01,1.70E+01,1.50E+01,4.30E+01,0.00E+00,10/17/2010,3:43:00 PM,290.654860,2.710,196.0,11.80,14.30,1015.50,12.60
2.01E+03,1.00E+01,1.70E+01,1.60E+01,4.30E+01,0.00E+00,10/17/2010,4:43:00 PM,290.696530,2.890,191.0,12.70,15.40,1015.00,12.90
2.01E+03,1.00E+01,1.70E+01,1.70E+01,4.30E+01,0.00E+00,10/17/2010,5:43:00 PM,290.738190,2.750,193.0,12.70,15.60,1015.00,13.10
2.01E+03,1.00E+01,1.70E+01,1.80E+01,4.30E+01,0.00E+00,10/17/2010,6:43:00 PM,290.779860,2.930,189.0,12.90,15.10,1014.60,13.10
2.01E+03,1.00E+01,1.70E+01,1.90E+01,4.30E+01,0.00E+00,10/17/2010,7:43:00 PM,290.821530,3.150,197.0,12.50,14.60,1014.50,13.30
2.01E+03,1.00E+01,1.70E+01,2.00E+01,4.30E+01,0.00E+00,10/17/2010,8:43:00 PM,290.863190,3.240,198.0,12.40,14.80,1013.80,13.40
2.01E+03,1.00E+01,1.70E+01,2.10E+01,4.30E+01,0.00E+00,10/17/2010,9:43:00 PM,290.904860,3.280,196.0,12.10,14.70,1013.20,13.40
2.01E+03,1.00E+01,1.70E+01,2.20E+01,4.30E+01,0.00E+00,10/17/2010,10:43:00 PM,290.946530,3.380,200.0,12.50,15.60,1012.90,13.30
2.01E+03,1.00E+01,1.70E+01,2.30E+01,4.30E+01,0.00E+00,10/17/2010,11:43:00 PM,290.988190,3.390,204.0,11.80,14.10,1012.60,13.50
2.01E+03,1.00E+01,1.80E+01,0.00E+00,4.30E+01,0.00E+00,10/18/2010,12:43:00 AM,291.029860,3.370,207.0,11.10,14.30,1012.60,13.50
2.01E+03,1.00E+01,1.80E+01,1.00E+00,4.30E+01,0.00E+00,10/18/2010,1:43:00 AM,291.071530,3.580,206.0,11.80,14.60,1012.30,13.60
2.01E+03,1.00E+01,1.80E+01,2.00E+00,4.30E+01,0.00E+00,10/18/2010,2:43:00 AM,291.113190,3.480,201.0,11.60,14.00,1012.40,13.50
2.01E+03,1.00E+01,1.80E+01,3.00E+00,4.30E+01,0.00E+00,10/18/2010,3:43:00 AM,291.154860,3.430,200.0,11.80,14.50,1012.30,13.60
2.01E+03,1.00E+01,1.80E+01,4.00E+00,4.30E+01,0.00E+00,10/18/2010,4:43:00 AM,291.196530,3.550,200.0,12.10,14.80,1012.50,13.70
2.01E+03,1.00E+01,1.80E+01,5.00E+00,4.30E+01,0.00E+00,10/18/2010,5:43:00 AM,291.238190,3.620,203.0,11.80,14.90,1012.70,13.70
2.01E+03,1.00E+01,1.80E+01,6.00E+00,4.30E+01,0.00E+00,10/18/2010,6:43:00 AM,291.279860,3.930,207.0,11.70,14.30,1012.90,13.60
2.01E+03,1.00E+01,1.80E+01,7.00E+00,4.30E+01,0.00E+00,10/18/2010,7:43:00 AM,291.321530,3.880,205.0,12.00,15.10,1013.00,13.50
2.01E+03,1.00E+01,1.80E+01,8.00E+00,4.30E+01,0.00E+00,10/18/2010,8:43:00 AM,291.363190,4.200,208.0,12.90,15.40,1013.10,13.30
2.01E+03,1.00E+01,1.80E+01,9.00E+00,4.30E+01,0.00E+00,10/18/2010,9:43:00 AM,291.404860,4.510,212.0,11.70,14.40,1013.60,13.40
2.01E+03,1.00E+01,1.80E+01,1.00E+01,4.30E+01,0.00E+00,10/18/2010,10:43:00 AM,291.446530,4.870,219.0,11.10,13.50,1013.90,13.30
2.01E+03,1.00E+01,1.80E+01,1.10E+01,4.30E+01,0.00E+00,10/18/2010,11:43:00 AM,291.488190,4.600,225.0,10.60,12.60,1014.20,13.20
2.01E+03,1.00E+01,1.80E+01,1.20E+01,4.30E+01,0.00E+00,10/18/2010,12:43:00 PM,291.529860,4.800,227.0,9.20,11.60,1014.60,13.00
2.01E+03,1.00E+01,1.80E+01,1.30E+01,4.30E+01,0.00E+00,10/18/2010,1:43:00 PM,291.571530,4.050,261.0,6.10,8.20,1015.40,12.30
2.01E+03,1.00E+01,1.80E+01,1.40E+01,4.30E+01,0.00E+00,10/18/2010,2:43:00 PM,291.613190,3.970,277.0,5.70,7.70,1016.10,12.20
2.01E+03,1.00E+01,1.80E+01,1.50E+01,4.30E+01,0.00E+00,10/18/2010,3:43:00 PM,291.654860,3.910,275.0,3.20,5.10,1017.00,11.90
2.01E+03,1.00E+01,1.80E+01,1.60E+01,4.30E+01,0.00E+00,10/18/2010,4:43:00 PM,291.696530,3.660,234.0,1.80,3.00,1017.40,12.40
2.01E+03,1.00E+01,1.80E+01,1.70E+01,4.30E+01,0.00E+00,10/18/2010,5:43:00 PM,291.738190,3.560,275.0,2.00,3.10,1017.90,12.20
2.01E+03,1.00E+01,1.80E+01,1.80E+01,4.30E+01,0.00E+00,10/18/2010,6:43:00 PM,291.779860,3.220,202.0,2.10,2.90,1018.10,12.30
2.01E+03,1.00E+01,1.80E+01,1.90E+01,4.30E+01,0.00E+00,10/18/2010,7:43:00 PM,291.821530,3.090,163.0,2.60,3.30,1018.00,11.90
2.01E+03,1.00E+01,1.80E+01,2.00E+01,4.30E+01,0.00E+00,10/18/2010,8:43:00 PM,291.863190,3.430,165.0,1.90,2.80,1018.10,11.90
2.01E+03,1.00E+01,1.80E+01,2.10E+01,4.30E+01,0.00E+00,10/18/2010,9:43:00 PM,291.904860,3.540,145.0,1.80,2.70,1017.80,11.80
2.01E+03,1.00E+01,1.80E+01,2.20E+01,4.30E+01,0.00E+00,10/18/2010,10:43:00 PM,291.946530,3.710,128.0,3.30,4.50,1017.10,12.00
2.01E+03,1.00E+01,1.80E+01,2.30E+01,4.30E+01,0.00E+00,10/18/2010,11:43:00 PM,291.988190,3.660,125.0,3.70,4.80,1016.80,12.10
2.01E+03,1.00E+01,1.90E+01,0.00E+00,4.30E+01,0.00E+00,10/19/2010,12:43:00 AM,292.029860,3.800,118.0,3.40,5.60,1016.30,12.60
2.01E+03,1.00E+01,1.90E+01,1.00E+00,4.30E+01,0.00E+00,10/19/2010,1:43:00 AM,292.071530,3.920,206.0,8.00,10.50,1015.90,13.30
2.01E+03,1.00E+01,1.90E+01,2.00E+00,4.30E+01,0.00E+00,10/19/2010,2:43:00 AM,292.113190,4.060,218.0,3.60,5.60,1016.00,13.00
2.01E+03,1.00E+01,1.90E+01,3.00E+00,4.30E+01,0.00E+00,10/19/2010,3:43:00 AM,292.154860,4.030,215.0,7.70,10.90,1015.70,13.30
2.01E+03,1.00E+01,1.90E+01,4.00E+00,4.30E+01,0.00E+00,10/19/2010,4:43:00 AM,292.196530,3.810,213.0,7.20,8.30,1015.90,13.10
2.01E+03,1.00E+01,1.90E+01,5.00E+00,4.30E+01,0.00E+00,10/19/2010,5:43:00 AM,292.238190,3.890,310.0,2.70,4.10,1016.40,12.30
2.01E+03,1.00E+01,1.90E+01,6.00E+00,4.30E+01,0.00E+00,10/19/2010,6:43:00 AM,292.279860,3.490,356.0,4.40,5.50,1016.70,11.60
2.01E+03,1.00E+01,1.90E+01,7.00E+00,4.30E+01,0.00E+00,10/19/2010,7:43:00 AM,292.321530,2.900,37.0,2.70,3.80,1016.70,11.70
2.01E+03,1.00E+01,1.90E+01,8.00E+00,4.30E+01,0.00E+00,10/19/2010,8:43:00 AM,292.363190,3.140,86.0,1.00,2.20,1016.90,12.00
2.01E+03,1.00E+01,1.90E+01,9.00E+00,4.30E+01,0.00E+00,10/19/2010,9:43:00 AM,292.404860,3.180,182.0,0.60,1.40,1016.90,12.10
2.01E+03,1.00E+01,1.90E+01,1.00E+01,4.30E+01,0.00E+00,10/19/2010,10:43:00 AM,292.446530,3.330,209.0,1.20,2.10,1016.80,12.20
2.01E+03,1.00E+01,1.90E+01,1.10E+01,4.30E+01,0.00E+00,10/19/2010,11:43:00 AM,292.488190,3.100,205.0,1.80,2.70,1016.30,12.10
2.01E+03,1.00E+01,1.90E+01,1.20E+01,4.30E+01,0.00E+00,10/19/2010,12:43:00 PM,292.529860,3.700,174.0,1.50,2.10,1016.20,12.10
2.01E+03,1.00E+01,1.90E+01,1.30E+01,4.30E+01,0.00E+00,10/19/2010,1:43:00 PM,292.571530,3.460,141.0,2.20,3.30,1016.30,12.00
2.01E+03,1.00E+01,1.90E+01,1.40E+01,4.30E+01,0.00E+00,10/19/2010,2:43:00 PM,292.613190,3.520,65.0,1.30,2.80,1016.00,12.00
2.01E+03,1.00E+01,1.90E+01,1.50E+01,4.30E+01,0.00E+00,10/19/2010,3:43:00 PM,292.654860,3.360,356.0,2.70,3.90,1016.20,12.00
2.01E+03,1.00E+01,1.90E+01,1.60E+01,4.30E+01,0.00E+00,10/19/2010,4:43:00 PM,292.696530,3.280,24.0,3.40,4.50,1016.10,12.00
2.01E+03,1.00E+01,1.90E+01,1.70E+01,4.30E+01,0.00E+00,10/19/2010,5:43:00 PM,292.738190,3.460,27.0,3.70,5.20,1015.90,12.10
2.01E+03,1.00E+01,1.90E+01,1.80E+01,4.30E+01,0.00E+00,10/19/2010,6:43:00 PM,292.779860,3.830,50.0,4.30,5.80,1015.70,12.20
2.01E+03,1.00E+01,1.90E+01,1.90E+01,4.30E+01,0.00E+00,10/19/2010,7:43:00 PM,292.821530,3.500,36.0,2.70,4.10,1015.20,12.50
2.01E+03,1.00E+01,1.90E+01,2.00E+01,4.30E+01,0.00E+00,10/19/2010,8:43:00 PM,292.863190,3.740,347.0,4.60,5.90,1014.80,12.20
2.01E+03,1.00E+01,1.90E+01,2.10E+01,4.30E+01,0.00E+00,10/19/2010,9:43:00 PM,292.904860,3.870,19.0,4.00,5.40,1014.50,12.20
2.01E+03,1.00E+01,1.90E+01,2.20E+01,4.30E+01,0.00E+00,10/19/2010,10:43:00 PM,292.946530,3.880,18.0,3.40,4.30,1014.40,12.30
2.01E+03,1.00E+01,1.90E+01,2.30E+01,4.30E+01,0.00E+00,10/19/2010,11:43:00 PM,292.988190,3.730,57.0,3.30,4.90,1013.90,12.30
2.01E+03,1.00E+01,2.00E+01,0.00E+00,4.30E+01,0.00E+00,10/20/2010,12:43:00 AM,293.029860,4.120,76.0,2.80,4.40,1013.70,12.30
2.01E+03,1.00E+01,2.00E+01,1.00E+00,4.30E+01,0.00E+00,10/20/2010,1:43:00 AM,293.071530,3.830,74.0,2.50,4.50,1013.20,12.50
2.01E+03,1.00E+01,2.00E+01,2.00E+00,4.30E+01,0.00E+00,10/20/2010,2:43:00 AM,293.113190,3.750,105.0,4.60,6.80,1012.70,12.60
2.01E+03,1.00E+01,2.00E+01,3.00E+00,4.30E+01,0.00E+00,10/20/2010,3:43:00 AM,293.154860,3.510,168.0,2.60,3.90,1012.50,12.80
2.01E+03,1.00E+01,2.00E+01,4.00E+00,4.30E+01,0.00E+00,10/20/2010,4:43:00 AM,293.196530,3.810,171.0,2.90,3.90,1012.20,12.90
2.01E+03,1.00E+01,2.00E+01,5.00E+00,4.30E+01,0.00E+00,10/20/2010,5:43:00 AM,293.238190,3.710,167.0,5.90,8.60,1011.40,12.90
2.01E+03,1.00E+01,2.00E+01,6.00E+00,4.30E+01,0.00E+00,10/20/2010,6:43:00 AM,293.279860,3.630,109.0,3.70,5.90,1010.30,12.40
2.01E+03,1.00E+01,2.00E+01,7.00E+00,4.30E+01,0.00E+00,10/20/2010,7:43:00 AM,293.321530,3.780,167.0,9.90,12.20,1008.80,13.40
2.01E+03,1.00E+01,2.00E+01,8.00E+00,4.30E+01,0.00E+00,10/20/2010,8:43:00 AM,293.363190,4.330,186.0,8.70,10.20,1008.60,13.40
2.01E+03,1.00E+01,2.00E+01,9.00E+00,4.30E+01,0.00E+00,10/20/2010,9:43:00 AM,293.404860,4.010,218.0,5.80,6.80,1008.30,13.00
2.01E+03,1.00E+01,2.00E+01,1.00E+01,4.30E+01,0.00E+00,10/20/2010,10:43:00 AM,293.446530,3.670,316.0,5.70,7.40,1008.40,12.30
2.01E+03,1.00E+01,2.00E+01,1.10E+01,4.30E+01,0.00E+00,10/20/2010,11:43:00 AM,293.488190,3.710,320.0,5.70,7.40,1008.70,12.10
2.01E+03,1.00E+01,2.00E+01,1.20E+01,4.30E+01,0.00E+00,10/20/2010,12:43:00 PM,293.529860,3.990,327.0,6.50,8.30,1008.70,12.00
2.01E+03,1.00E+01,2.00E+01,1.30E+01,4.30E+01,0.00E+00,10/20/2010,1:43:00 PM,293.571530,3.710,330.0,6.00,7.50,1008.80,12.10
2.01E+03,1.00E+01,2.00E+01,1.40E+01,4.30E+01,0.00E+00,10/20/2010,2:43:00 PM,293.613190,3.820,335.0,6.80,8.40,1008.70,11.90
2.01E+03,1.00E+01,2.00E+01,1.50E+01,4.30E+01,0.00E+00,10/20/2010,3:43:00 PM,293.654860,3.390,337.0,6.70,8.70,1009.10,11.90
2.01E+03,1.00E+01,2.00E+01,1.60E+01,4.30E+01,0.00E+00,10/20/2010,4:43:00 PM,293.696530,3.180,345.0,7.40,9.50,1009.60,11.70
2.01E+03,1.00E+01,2.00E+01,1.70E+01,4.30E+01,0.00E+00,10/20/2010,5:43:00 PM,293.738190,2.930,340.0,7.90,9.40,1010.10,11.20
2.01E+03,1.00E+01,2.00E+01,1.80E+01,4.30E+01,0.00E+00,10/20/2010,6:43:00 PM,293.779860,2.780,348.0,6.80,8.00,1010.10,11.30
2.01E+03,1.00E+01,2.00E+01,1.90E+01,4.30E+01,0.00E+00,10/20/2010,7:43:00 PM,293.821530,2.890,0.0,7.40,9.10,1009.90,11.50
2.01E+03,1.00E+01,2.00E+01,2.00E+01,4.30E+01,0.00E+00,10/20/2010,8:43:00 PM,293.863190,2.700,360.0,7.90,9.10,1009.50,11.50
2.01E+03,1.00E+01,2.00E+01,2.10E+01,4.30E+01,0.00E+00,10/20/2010,9:43:00 PM,293.904860,2.970,357.0,8.90,10.40,1009.50,11.30
2.01E+03,1.00E+01,2.00E+01,2.20E+01,4.30E+01,0.00E+00,10/20/2010,10:43:00 PM,293.946530,3.030,0.0,9.00,11.00,1009.50,11.00
2.01E+03,1.00E+01,2.00E+01,2.30E+01,4.30E+01,0.00E+00,10/20/2010,11:43:00 PM,293.988190,2.970,7.0,8.70,11.00,1009.40,10.70
2.01E+03,1.00E+01,2.10E+01,0.00E+00,4.30E+01,0.00E+00,10/21/2010,12:43:00 AM,294.029860,3.180,21.0,9.50,11.60,1009.00,10.30
2.01E+03,1.00E+01,2.10E+01,1.00E+00,4.30E+01,0.00E+00,10/21/2010,1:43:00 AM,294.071530,3.060,12.0,10.40,12.50,1008.70,10.20
2.01E+03,1.00E+01,2.10E+01,2.00E+00,4.30E+01,0.00E+00,10/21/2010,2:43:00 AM,294.113190,3.090,17.0,11.70,14.60,1008.10,10.30
2.01E+03,1.00E+01,2.10E+01,3.00E+00,4.30E+01,0.00E+00,10/21/2010,3:43:00 AM,294.154860,3.300,18.0,11.60,13.80,1007.50,10.50
2.01E+03,1.00E+01,2.10E+01,4.00E+00,4.30E+01,0.00E+00,10/21/2010,4:43:00 AM,294.196530,3.610,31.0,12.60,15.30,1006.90,10.70
2.01E+03,1.00E+01,2.10E+01,5.00E+00,4.30E+01,0.00E+00,10/21/2010,5:43:00 AM,294.238190,3.150,36.0,13.80,16.80,1005.70,10.70
2.01E+03,1.00E+01,2.10E+01,6.00E+00,4.30E+01,0.00E+00,10/21/2010,6:43:00 AM,294.279860,3.270,39.0,13.70,17.00,1004.60,10.90
2.01E+03,1.00E+01,2.10E+01,7.00E+00,4.30E+01,0.00E+00,10/21/2010,7:43:00 AM,294.321530,2.940,44.0,13.70,16.30,1003.30,11.40
2.01E+03,1.00E+01,2.10E+01,8.00E+00,4.30E+01,0.00E+00,10/21/2010,8:43:00 AM,294.363190,3.440,53.0,11.90,14.70,1002.20,12.20
2.01E+03,1.00E+01,2.10E+01,9.00E+00,4.30E+01,0.00E+00,10/21/2010,9:43:00 AM,294.404860,3.060,132.0,9.10,11.50,1001.30,13.60
2.01E+03,1.00E+01,2.10E+01,1.00E+01,4.30E+01,0.00E+00,10/21/2010,10:43:00 AM,294.446530,2.910,133.0,8.70,10.40,1000.70,13.60
2.01E+03,1.00E+01,2.10E+01,1.10E+01,4.30E+01,0.00E+00,10/21/2010,11:43:00 AM,294.488190,2.820,128.0,9.50,11.50,1000.00,13.70
2.01E+03,1.00E+01,2.10E+01,1.20E+01,4.30E+01,0.00E+00,10/21/2010,12:43:00 PM,294.529860,2.790,129.0,9.40,11.80,999.60,13.60
2.01E+03,1.00E+01,2.10E+01,1.30E+01,4.30E+01,0.00E+00,10/21/2010,1:43:00 PM,294.571530,2.840,142.0,10.80,13.70,999.10,13.60
2.01E+03,1.00E+01,2.10E+01,1.40E+01,4.30E+01,0.00E+00,10/21/2010,2:43:00 PM,294.613190,2.730,146.0,6.00,7.00,999.30,13.30
2.01E+03,1.00E+01,2.10E+01,1.50E+01,4.30E+01,0.00E+00,10/21/2010,3:43:00 PM,294.654860,2.900,140.0,6.00,7.50,999.30,13.60
2.01E+03,1.00E+01,2.10E+01,1.60E+01,4.30E+01,0.00E+00,10/21/2010,4:43:00 PM,294.696530,2.760,134.0,7.90,9.60,998.80,13.70
2.01E+03,1.00E+01,2.10E+01,1.70E+01,4.30E+01,0.00E+00,10/21/2010,5:43:00 PM,294.738190,2.830,131.0,7.80,9.60,998.60,13.60
2.01E+03,1.00E+01,2.10E+01,1.80E+01,4.30E+01,0.00E+00,10/21/2010,6:43:00 PM,294.779860,2.730,121.0,6.20,8.80,998.10,13.50
2.01E+03,1.00E+01,2.10E+01,1.90E+01,4.30E+01,0.00E+00,10/21/2010,7:43:00 PM,294.821530,2.890,131.0,4.90,6.70,997.80,13.60
2.01E+03,1.00E+01,2.10E+01,2.00E+01,4.30E+01,0.00E+00,10/21/2010,8:43:00 PM,294.863190,2.980,134.0,6.10,8.00,997.40,13.50
2.01E+03,1.00E+01,2.10E+01,2.10E+01,4.30E+01,0.00E+00,10/21/2010,9:43:00 PM,294.904860,3.010,151.0,3.90,4.90,997.10,13.20
2.01E+03,1.00E+01,2.10E+01,2.20E+01,4.30E+01,0.00E+00,10/21/2010,10:43:00 PM,294.946530,2.970,119.0,3.80,5.60,996.70,12.90
2.01E+03,1.00E+01,2.10E+01,2.30E+01,4.30E+01,0.00E+00,10/21/2010,11:43:00 PM,294.988190,2.850,98.0,1.20,2.10,996.40,13.00
2.01E+03,1.00E+01,2.20E+01,0.00E+00,4.30E+01,0.00E+00,10/22/2010,12:43:00 AM,295.029860,3.000,307.0,1.90,5.70,996.20,12.70
2.01E+03,1.00E+01,2.20E+01,1.00E+00,4.30E+01,0.00E+00,10/22/2010,1:43:00 AM,295.071530,2.890,301.0,11.50,13.80,996.10,10.90
2.01E+03,1.00E+01,2.20E+01,2.00E+00,4.30E+01,0.00E+00,10/22/2010,2:43:00 AM,295.113190,2.890,297.0,13.20,15.90,996.50,10.30
2.01E+03,1.00E+01,2.20E+01,3.00E+00,4.30E+01,0.00E+00,10/22/2010,3:43:00 AM,295.154860,3.240,297.0,13.70,17.40,996.70,10.20
2.01E+03,1.00E+01,2.20E+01,4.00E+00,4.30E+01,0.00E+00,10/22/2010,4:43:00 AM,295.196530,3.660,293.0,12.90,16.10,997.10,10.60
2.01E+03,1.00E+01,2.20E+01,5.00E+00,4.30E+01,0.00E+00,10/22/2010,5:43:00 AM,295.238190,3.700,284.0,13.30,16.40,997.60,10.60
2.01E+03,1.00E+01,2.20E+01,6.00E+00,4.30E+01,0.00E+00,10/22/2010,6:43:00 AM,295.279860,3.710,282.0,13.60,16.80,998.00,10.70
2.01E+03,1.00E+01,2.20E+01,7.00E+00,4.30E+01,0.00E+00,10/22/2010,7:43:00 AM,295.321530,3.800,276.0,14.10,16.50,998.40,10.80
2.01E+03,1.00E+01,2.20E+01,8.00E+00,4.30E+01,0.00E+00,10/22/2010,8:43:00 AM,295.363190,4.160,273.0,12.90,16.00,998.80,11.00
2.01E+03,1.00E+01,2.20E+01,9.00E+00,4.30E+01,0.00E+00,10/22/2010,9:43:00 AM,295.404860,3.760,267.0,11.10,13.50,999.30,11.00
2.01E+03,1.00E+01,2.20E+01,1.00E+01,4.30E+01,0.00E+00,10/22/2010,10:43:00 AM,295.446530,3.260,254.0,11.70,14.40,999.60,11.00
2.01E+03,1.00E+01,2.20E+01,1.10E+01,4.30E+01,0.00E+00,10/22/2010,11:43:00 AM,295.488190,3.260,255.0,10.80,13.00,999.80,10.90
2.01E+03,1.00E+01,2.20E+01,1.20E+01,4.30E+01,0.00E+00,10/22/2010,12:43:00 PM,295.529860,3.350,247.0,9.10,10.40,1000.00,10.70
2.01E+03,1.00E+01,2.20E+01,1.30E+01,4.30E+01,0.00E+00,10/22/2010,1:43:00 PM,295.571530,3.180,243.0,8.80,10.40,1000.20,10.80
2.01E+03,1.00E+01,2.20E+01,1.40E+01,4.30E+01,0.00E+00,10/22/2010,2:43:00 PM,295.613190,2.870,236.0,7.40,9.30,1000.40,11.10
2.01E+03,1.00E+01,2.20E+01,1.50E+01,4.30E+01,0.00E+00,10/22/2010,3:43:00 PM,295.654860,2.740,229.0,5.20,6.40,1000.30,11.20
2.01E+03,1.00E+01,2.20E+01,1.60E+01,4.30E+01,0.00E+00,10/22/2010,4:43:00 PM,295.696530,2.520,186.0,4.30,5.30,1000.20,11.70
2.01E+03,1.00E+01,2.20E+01,1.70E+01,4.30E+01,0.00E+00,10/22/2010,5:43:00 PM,295.738190,2.190,155.0,4.20,5.40,999.90,11.80
2.01E+03,1.00E+01,2.20E+01,1.80E+01,4.30E+01,0.00E+00,10/22/2010,6:43:00 PM,295.779860,1.970,127.0,5.40,7.40,999.60,11.90
2.01E+03,1.00E+01,2.20E+01,1.90E+01,4.30E+01,0.00E+00,10/22/2010,7:43:00 PM,295.821530,1.940,113.0,6.20,8.00,998.90,12.60
2.01E+03,1.00E+01,2.20E+01,2.00E+01,4.30E+01,0.00E+00,10/22/2010,8:43:00 PM,295.863190,1.860,102.0,7.00,8.30,997.90,12.80
2.01E+03,1.00E+01,2.20E+01,2.10E+01,4.30E+01,0.00E+00,10/22/2010,9:43:00 PM,295.904860,1.840,89.0,8.20,10.20,997.20,12.90
2.01E+03,1.00E+01,2.20E+01,2.20E+01,4.30E+01,0.00E+00,10/22/2010,10:43:00 PM,295.946530,1.930,83.0,8.70,10.40,996.70,12.50
2.01E+03,1.00E+01,2.20E+01,2.30E+01,4.30E+01,0.00E+00,10/22/2010,11:43:00 PM,295.988190,1.800,67.0,7.80,9.40,996.40,12.80
2.01E+03,1.00E+01,2.30E+01,0.00E+00,4.30E+01,0.00E+00,10/23/2010,12:43:00 AM,296.029860,1.920,81.0,8.60,10.50,996.00,12.80
2.01E+03,1.00E+01,2.30E+01,1.00E+00,4.30E+01,0.00E+00,10/23/2010,1:43:00 AM,296.071530,1.910,80.0,8.90,11.10,995.70,13.00
2.01E+03,1.00E+01,2.30E+01,2.00E+00,4.30E+01,0.00E+00,10/23/2010,2:43:00 AM,296.113190,2.040,67.0,9.40,11.70,995.50,12.80
2.01E+03,1.00E+01,2.30E+01,3.00E+00,4.30E+01,0.00E+00,10/23/2010,3:43:00 AM,296.154860,2.170,70.0,10.80,13.30,994.70,12.80
2.01E+03,1.00E+01,2.30E+01,4.00E+00,4.30E+01,0.00E+00,10/23/2010,4:43:00 AM,296.196530,2.440,52.0,8.10,9.60,995.30,12.30
2.01E+03,1.00E+01,2.30E+01,5.00E+00,4.30E+01,0.00E+00,10/23/2010,5:43:00 AM,296.238190,2.740,51.0,7.60,9.30,995.00,12.50
2.01E+03,1.00E+01,2.30E+01,6.00E+00,4.30E+01,0.00E+00,10/23/2010,6:43:00 AM,296.279860,2.680,47.0,6.30,7.60,994.60,12.80
2.01E+03,1.00E+01,2.30E+01,7.00E+00,4.30E+01,0.00E+00,10/23/2010,7:43:00 AM,296.321530,3.290,72.0,3.90,5.80,994.30,13.10
2.01E+03,1.00E+01,2.30E+01,8.00E+00,4.30E+01,0.00E+00,10/23/2010,8:43:00 AM,296.363190,3.340,72.0,4.50,5.60,994.00,13.30
2.01E+03,1.00E+01,2.30E+01,9.00E+00,4.30E+01,0.00E+00,10/23/2010,9:43:00 AM,296.404860,3.860,83.0,3.20,5.10,993.90,13.20
2.01E+03,1.00E+01,2.30E+01,1.00E+01,4.30E+01,0.00E+00,10/23/2010,10:43:00 AM,296.446530,4.200,99.0,4.20,5.40,993.40,13.10
2.01E+03,1.00E+01,2.30E+01,1.10E+01,4.30E+01,0.00E+00,10/23/2010,11:43:00 AM,296.488190,4.240,96.0,4.90,6.50,992.50,13.10
2.01E+03,1.00E+01,2.30E+01,1.20E+01,4.30E+01,0.00E+00,10/23/2010,12:43:00 PM,296.529860,3.720,91.0,5.80,6.80,991.70,13.00
2.01E+03,1.00E+01,2.30E+01,1.30E+01,4.30E+01,0.00E+00,10/23/2010,1:43:00 PM,296.571530,3.580,112.0,7.00,8.90,990.90,13.00
2.01E+03,1.00E+01,2.30E+01,1.40E+01,4.30E+01,0.00E+00,10/23/2010,2:43:00 PM,296.613190,3.660,116.0,7.30,9.00,989.50,13.00
2.01E+03,1.00E+01,2.30E+01,1.50E+01,4.30E+01,0.00E+00,10/23/2010,3:43:00 PM,296.654860,3.420,123.0,8.50,10.30,988.10,12.90
2.01E+03,1.00E+01,2.30E+01,1.60E+01,4.30E+01,0.00E+00,10/23/2010,4:43:00 PM,296.696530,3.350,135.0,9.70,12.40,986.70,13.00
2.01E+03,1.00E+01,2.30E+01,1.70E+01,4.30E+01,0.00E+00,10/23/2010,5:43:00 PM,296.738190,3.550,136.0,8.90,10.60,985.30,12.90
2.01E+03,1.00E+01,2.30E+01,1.80E+01,4.30E+01,0.00E+00,10/23/2010,6:43:00 PM,296.779860,3.300,154.0,9.80,12.30,983.60,12.50
2.01E+03,1.00E+01,2.30E+01,1.90E+01,4.30E+01,0.00E+00,10/23/2010,7:43:00 PM,296.821530,3.400,179.0,10.80,13.80,982.20,11.90
2.01E+03,1.00E+01,2.30E+01,2.00E+01,4.30E+01,0.00E+00,10/23/2010,8:43:00 PM,296.863190,3.690,150.0,8.30,10.30,980.20,11.60
2.01E+03,1.00E+01,2.30E+01,2.10E+01,4.30E+01,0.00E+00,10/23/2010,9:43:00 PM,296.904860,3.720,123.0,9.80,12.60,977.10,11.80
2.01E+03,1.00E+01,2.30E+01,2.20E+01,4.30E+01,0.00E+00,10/23/2010,10:43:00 PM,296.946530,3.690,108.0,12.70,16.40,973.40,11.60
2.01E+03,1.00E+01,2.30E+01,2.30E+01,4.30E+01,0.00E+00,10/23/2010,11:43:00 PM,296.988190,3.710,94.0,14.00,18.90,970.10,11.80
2.01E+03,1.00E+01,2.40E+01,0.00E+00,4.30E+01,0.00E+00,10/24/2010,12:43:00 AM,297.029860,3.720,92.0,13.70,17.20,966.70,11.80
2.01E+03,1.00E+01,2.40E+01,1.00E+00,4.30E+01,0.00E+00,10/24/2010,1:43:00 AM,297.071530,3.910,87.0,11.50,15.40,964.20,12.60
2.01E+03,1.00E+01,2.40E+01,2.00E+00,4.30E+01,0.00E+00,10/24/2010,2:43:00 AM,297.113190,3.900,106.0,5.40,7.20,963.30,13.10
2.01E+03,1.00E+01,2.40E+01,3.00E+00,4.30E+01,0.00E+00,10/24/2010,3:43:00 AM,297.154860,4.260,328.0,0.90,2.70,963.00,12.90
2.01E+03,1.00E+01,2.40E+01,4.00E+00,4.30E+01,0.00E+00,10/24/2010,4:43:00 AM,297.196530,4.250,286.0,5.60,8.00,963.20,12.80
2.01E+03,1.00E+01,2.40E+01,5.00E+00,4.30E+01,0.00E+00,10/24/2010,5:43:00 AM,297.238190,4.030,274.0,21.00,27.20,964.20,10.30
2.01E+03,1.00E+01,2.40E+01,6.00E+00,4.30E+01,0.00E+00,10/24/2010,6:43:00 AM,297.279860,5.350,267.0,19.70,26.10,966.00,10.70
2.01E+03,1.00E+01,2.40E+01,7.00E+00,4.30E+01,0.00E+00,10/24/2010,7:43:00 AM,297.321530,5.920,270.0,19.80,25.30,967.10,10.70
2.01E+03,1.00E+01,2.40E+01,8.00E+00,4.30E+01,0.00E+00,10/24/2010,8:43:00 AM,297.363190,6.280,267.0,19.40,23.90,967.70,11.10
2.01E+03,1.00E+01,2.40E+01,9.00E+00,4.30E+01,0.00E+00,10/24/2010,9:43:00 AM,297.404860,6.150,259.0,19.30,24.70,968.10,10.50
2.01E+03,1.00E+01,2.40E+01,1.00E+01,4.30E+01,0.00E+00,10/24/2010,10:43:00 AM,297.446530,6.640,263.0,19.20,23.90,968.50,10.70
2.01E+03,1.00E+01,2.40E+01,1.10E+01,4.30E+01,0.00E+00,10/24/2010,11:43:00 AM,297.488190,6.740,266.0,18.80,23.70,969.00,10.70
2.01E+03,1.00E+01,2.40E+01,1.20E+01,4.30E+01,0.00E+00,10/24/2010,12:43:00 PM,297.529860,7.110,274.0,19.30,26.20,970.00,11.20
2.01E+03,1.00E+01,2.40E+01,1.30E+01,4.30E+01,0.00E+00,10/24/2010,1:43:00 PM,297.571530,8.300,274.0,19.80,24.80,971.00,11.30
2.01E+03,1.00E+01,2.40E+01,1.40E+01,4.30E+01,0.00E+00,10/24/2010,2:43:00 PM,297.613190,7.990,271.0,18.90,24.30,972.30,10.90
2.01E+03,1.00E+01,2.40E+01,1.50E+01,4.30E+01,0.00E+00,10/24/2010,3:43:00 PM,297.654860,8.800,268.0,18.10,24.30,973.30,11.00
2.01E+03,1.00E+01,2.40E+01,1.60E+01,4.30E+01,0.00E+00,10/24/2010,4:43:00 PM,297.696530,9.260,270.0,19.10,25.20,973.80,10.90
2.01E+03,1.00E+01,2.40E+01,1.70E+01,4.30E+01,0.00E+00,10/24/2010,5:43:00 PM,297.738190,9.250,267.0,19.00,23.90,974.10,10.60
2.01E+03,1.00E+01,2.40E+01,1.80E+01,4.30E+01,0.00E+00,10/24/2010,6:43:00 PM,297.779860,8.960,266.0,19.00,24.90,974.20,10.50
2.01E+03,1.00E+01,2.40E+01,2.00E+01,4.30E+01,0.00E+00,10/24/2010,8:43:00 PM,297.863190,9.660,270.0,17.00,21.90,976.20,11.20
2.01E+03,1.00E+01,2.40E+01,2.10E+01,4.30E+01,0.00E+00,10/24/2010,9:43:00 PM,297.904860,8.930,277.0,18.20,22.90,977.80,10.80
2.01E+03,1.00E+01,2.40E+01,2.20E+01,4.30E+01,0.00E+00,10/24/2010,10:43:00 PM,297.946530,9.370,280.0,16.70,20.40,979.80,11.20
2.01E+03,1.00E+01,2.40E+01,2.30E+01,4.30E+01,0.00E+00,10/24/2010,11:43:00 PM,297.988190,9.500,281.0,18.00,24.10,981.60,11.30
2.01E+03,1.00E+01,2.50E+01,0.00E+00,4.30E+01,0.00E+00,10/25/2010,12:43:00 AM,298.029860,10.190,279.0,17.80,22.50,983.30,11.40
2.01E+03,1.00E+01,2.50E+01,1.00E+00,4.30E+01,0.00E+00,10/25/2010,1:43:00 AM,298.071530,9.200,283.0,19.50,24.30,984.90,11.30
2.01E+03,1.00E+01,2.50E+01,2.00E+00,4.30E+01,0.00E+00,10/25/2010,2:43:00 AM,298.113190,9.680,283.0,18.70,24.40,986.90,11.30
2.01E+03,1.00E+01,2.50E+01,3.00E+00,4.30E+01,0.00E+00,10/25/2010,3:43:00 AM,298.154860,9.230,285.0,20.90,26.90,988.20,11.00
2.01E+03,1.00E+01,2.50E+01,4.00E+00,4.30E+01,0.00E+00,10/25/2010,4:43:00 AM,298.196530,9.970,285.0,20.00,24.90,989.80,10.70
2.01E+03,1.00E+01,2.50E+01,5.00E+00,4.30E+01,0.00E+00,10/25/2010,5:43:00 AM,298.238190,9.700,288.0,19.20,23.40,991.50,10.50
2.01E+03,1.00E+01,2.50E+01,6.00E+00,4.30E+01,0.00E+00,10/25/2010,6:43:00 AM,298.279860,10.330,286.0,18.30,25.00,992.70,10.50
2.01E+03,1.00E+01,2.50E+01,7.00E+00,4.30E+01,0.00E+00,10/25/2010,7:43:00 AM,298.321530,9.470,285.0,19.00,23.70,994.00,10.50
2.01E+03,1.00E+01,2.50E+01,8.00E+00,4.30E+01,0.00E+00,10/25/2010,8:43:00 AM,298.363190,9.310,289.0,18.80,23.90,995.20,10.30
2.01E+03,1.00E+01,2.50E+01,9.00E+00,4.30E+01,0.00E+00,10/25/2010,9:43:00 AM,298.404860,9.590,288.0,17.90,23.30,996.40,9.80
2.01E+03,1.00E+01,2.50E+01,1.00E+01,4.30E+01,0.00E+00,10/25/2010,10:43:00 AM,298.446530,9.460,292.0,17.80,22.10,997.50,9.80
2.01E+03,1.00E+01,2.50E+01,1.10E+01,4.30E+01,0.00E+00,10/25/2010,11:43:00 AM,298.488190,8.680,288.0,17.60,22.10,998.30,9.80
2.01E+03,1.00E+01,2.50E+01,1.20E+01,4.30E+01,0.00E+00,10/25/2010,12:43:00 PM,298.529860,9.500,290.0,16.70,21.70,999.40,9.70
2.01E+03,1.00E+01,2.50E+01,1.30E+01,4.30E+01,0.00E+00,10/25/2010,1:43:00 PM,298.571530,8.970,294.0,15.60,20.40,1000.30,9.60
2.01E+03,1.00E+01,2.50E+01,1.40E+01,4.30E+01,0.00E+00,10/25/2010,2:43:00 PM,298.613190,7.940,281.0,15.70,23.10,1000.70,10.70
2.01E+03,1.00E+01,2.50E+01,1.50E+01,4.30E+01,0.00E+00,10/25/2010,3:43:00 PM,298.654860,8.550,279.0,17.60,22.10,1001.40,10.50
2.01E+03,1.00E+01,2.50E+01,1.60E+01,4.30E+01,0.00E+00,10/25/2010,4:43:00 PM,298.696530,7.810,290.0,16.50,21.70,1002.60,9.70
2.01E+03,1.00E+01,2.50E+01,1.70E+01,4.30E+01,0.00E+00,10/25/2010,5:43:00 PM,298.738190,7.030,302.0,15.80,20.70,1003.40,9.60
2.01E+03,1.00E+01,2.50E+01,1.80E+01,4.30E+01,0.00E+00,10/25/2010,6:43:00 PM,298.779860,7.580,286.0,15.30,19.80,1003.90,10.40
2.01E+03,1.00E+01,2.50E+01,1.90E+01,4.30E+01,0.00E+00,10/25/2010,7:43:00 PM,298.821530,7.560,287.0,15.40,20.40,1004.70,10.70
2.01E+03,1.00E+01,2.50E+01,2.00E+01,4.30E+01,0.00E+00,10/25/2010,8:43:00 PM,298.863190,7.150,288.0,15.00,18.90,1005.50,10.40
2.01E+03,1.00E+01,2.50E+01,2.10E+01,4.30E+01,0.00E+00,10/25/2010,9:43:00 PM,298.904860,6.680,289.0,15.40,20.10,1006.10,10.80
2.01E+03,1.00E+01,2.50E+01,2.20E+01,4.30E+01,0.00E+00,10/25/2010,10:43:00 PM,298.946530,6.210,294.0,15.60,19.50,1006.90,10.60
2.01E+03,1.00E+01,2.50E+01,2.30E+01,4.30E+01,0.00E+00,10/25/2010,11:43:00 PM,298.988190,5.820,295.0,14.60,17.70,1008.00,10.60
2.01E+03,1.00E+01,2.60E+01,0.00E+00,4.30E+01,0.00E+00,10/26/2010,12:43:00 AM,299.029860,5.650,306.0,13.30,16.00,1009.10,10.10
2.01E+03,1.00E+01,2.60E+01,1.00E+00,4.30E+01,0.00E+00,10/26/2010,1:43:00 AM,299.071530,5.280,298.0,14.30,18.10,1009.70,10.60
2.01E+03,1.00E+01,2.60E+01,2.00E+00,4.30E+01,0.00E+00,10/26/2010,2:43:00 AM,299.113190,4.780,305.0,13.60,19.90,1010.70,9.60
2.01E+03,1.00E+01,2.60E+01,3.00E+00,4.30E+01,0.00E+00,10/26/2010,3:43:00 AM,299.154860,5.250,293.0,12.40,15.30,1011.40,10.50
2.01E+03,1.00E+01,2.60E+01,4.00E+00,4.30E+01,0.00E+00,10/26/2010,4:43:00 AM,299.196530,5.040,296.0,13.10,17.10,1012.00,10.50
2.01E+03,1.00E+01,2.60E+01,5.00E+00,4.30E+01,0.00E+00,10/26/2010,5:43:00 AM,299.238190,5.360,296.0,12.20,17.10,1012.90,10.20
2.01E+03,1.00E+01,2.60E+01,6.00E+00,4.30E+01,0.00E+00,10/26/2010,6:43:00 AM,299.279860,5.230,293.0,13.60,19.40,1013.60,10.10
2.01E+03,1.00E+01,2.60E+01,7.00E+00,4.30E+01,0.00E+00,10/26/2010,7:43:00 AM,299.321530,5.150,301.0,13.20,16.30,1014.10,10.50
2.01E+03,1.00E+01,2.60E+01,8.00E+00,4.30E+01,0.00E+00,10/26/2010,8:43:00 AM,299.363190,4.980,287.0,12.40,15.40,1014.90,10.20
2.01E+03,1.00E+01,2.60E+01,9.00E+00,4.30E+01,0.00E+00,10/26/2010,9:43:00 AM,299.404860,4.740,302.0,12.10,15.40,1015.70,10.60
2.01E+03,1.00E+01,2.60E+01,1.00E+01,4.30E+01,0.00E+00,10/26/2010,10:43:00 AM,299.446530,4.940,307.0,11.60,14.40,1016.50,10.70
2.01E+03,1.00E+01,2.60E+01,1.10E+01,4.30E+01,0.00E+00,10/26/2010,11:43:00 AM,299.488190,4.750,302.0,11.50,13.80,1017.00,10.60
2.01E+03,1.00E+01,2.60E+01,1.20E+01,4.30E+01,0.00E+00,10/26/2010,12:43:00 PM,299.529860,4.090,303.0,10.20,12.40,1017.60,10.40
2.01E+03,1.00E+01,2.60E+01,1.30E+01,4.30E+01,0.00E+00,10/26/2010,1:43:00 PM,299.571530,4.040,295.0,9.70,11.90,1017.80,10.20
2.01E+03,1.00E+01,2.60E+01,1.40E+01,4.30E+01,0.00E+00,10/26/2010,2:43:00 PM,299.613190,3.770,301.0,8.30,9.80,1018.30,10.30
2.01E+03,1.00E+01,2.60E+01,1.50E+01,4.30E+01,0.00E+00,10/26/2010,3:43:00 PM,299.654860,3.740,296.0,6.30,8.40,1018.60,10.30
2.01E+03,1.00E+01,2.60E+01,1.60E+01,4.30E+01,0.00E+00,10/26/2010,4:43:00 PM,299.696530,3.580,274.0,5.40,6.60,1018.90,10.30
2.01E+03,1.00E+01,2.60E+01,1.70E+01,4.30E+01,0.00E+00,10/26/2010,5:43:00 PM,299.738190,3.430,255.0,4.80,6.40,1018.90,10.20
2.01E+03,1.00E+01,2.60E+01,1.80E+01,4.30E+01,0.00E+00,10/26/2010,6:43:00 PM,299.779860,3.440,232.0,4.50,5.90,1018.80,10.30
2.01E+03,1.00E+01,2.60E+01,1.90E+01,4.30E+01,0.00E+00,10/26/2010,7:43:00 PM,299.821530,3.100,225.0,5.40,7.20,1018.70,10.30
2.01E+03,1.00E+01,2.60E+01,2.00E+01,4.30E+01,0.00E+00,10/26/2010,8:43:00 PM,299.863190,3.490,219.0,5.30,6.80,1018.10,10.20
2.01E+03,1.00E+01,2.60E+01,2.10E+01,4.30E+01,0.00E+00,10/26/2010,9:43:00 PM,299.904860,3.640,199.0,5.10,6.60,1017.70,10.10
2.01E+03,1.00E+01,2.60E+01,2.20E+01,4.30E+01,0.00E+00,10/26/2010,10:43:00 PM,299.946530,3.220,185.0,4.80,6.20,1016.90,10.20
2.01E+03,1.00E+01,2.60E+01,2.30E+01,4.30E+01,0.00E+00,10/26/2010,11:43:00 PM,299.988190,3.780,175.0,6.30,9.10,1016.30,10.30
2.01E+03,1.00E+01,2.70E+01,0.00E+00,4.30E+01,0.00E+00,10/27/2010,12:43:00 AM,300.029860,3.430,165.0,8.20,9.90,1015.50,10.40
2.01E+03,1.00E+01,2.70E+01,1.00E+00,4.30E+01,0.00E+00,10/27/2010,1:43:00 AM,300.071530,3.160,165.0,8.20,10.40,1014.90,10.50
2.01E+03,1.00E+01,2.70E+01,2.00E+00,4.30E+01,0.00E+00,10/27/2010,2:43:00 AM,300.113190,2.820,156.0,9.10,11.40,1014.40,10.70
2.01E+03,1.00E+01,2.70E+01,3.00E+00,4.30E+01,0.00E+00,10/27/2010,3:43:00 AM,300.154860,2.710,158.0,9.60,11.90,1014.00,10.80
2.01E+03,1.00E+01,2.70E+01,4.00E+00,4.30E+01,0.00E+00,10/27/2010,4:43:00 AM,300.196530,2.570,147.0,10.70,13.20,1013.00,10.90
2.01E+03,1.00E+01,2.70E+01,5.00E+00,4.30E+01,0.00E+00,10/27/2010,5:43:00 AM,300.238190,2.520,146.0,11.00,13.20,1012.50,11.10
2.01E+03,1.00E+01,2.70E+01,6.00E+00,4.30E+01,0.00E+00,10/27/2010,6:43:00 AM,300.279860,2.600,136.0,11.90,14.50,1011.60,11.20
2.01E+03,1.00E+01,2.70E+01,7.00E+00,4.30E+01,0.00E+00,10/27/2010,7:43:00 AM,300.321530,2.550,133.0,11.50,16.10,1011.00,10.50
2.01E+03,1.00E+01,2.70E+01,8.00E+00,4.30E+01,0.00E+00,10/27/2010,8:43:00 AM,300.363190,2.770,132.0,12.10,15.80,1010.30,10.90
2.01E+03,1.00E+01,2.70E+01,9.00E+00,4.30E+01,0.00E+00,10/27/2010,9:43:00 AM,300.404860,2.690,123.0,12.30,15.70,1009.50,11.20
2.01E+03,1.00E+01,2.70E+01,1.00E+01,4.30E+01,0.00E+00,10/27/2010,10:43:00 AM,300.446530,2.760,126.0,12.30,15.00,1009.00,11.10
2.01E+03,1.00E+01,2.70E+01,1.10E+01,4.30E+01,0.00E+00,10/27/2010,11:43:00 AM,300.488190,3.280,120.0,13.60,16.90,1008.30,10.90
2.01E+03,1.00E+01,2.70E+01,1.20E+01,4.30E+01,0.00E+00,10/27/2010,12:43:00 PM,300.529860,3.330,116.0,13.40,16.40,1007.50,11.50
2.01E+03,1.00E+01,2.70E+01,1.30E+01,4.30E+01,0.00E+00,10/27/2010,1:43:00 PM,300.571530,3.330,109.0,13.70,16.30,1007.50,11.30
2.01E+03,1.00E+01,2.70E+01,1.40E+01,4.30E+01,0.00E+00,10/27/2010,2:43:00 PM,300.613190,3.510,110.0,13.10,16.20,1007.40,11.50
2.01E+03,1.00E+01,2.70E+01,1.50E+01,4.30E+01,0.00E+00,10/27/2010,3:43:00 PM,300.654860,3.660,105.0,14.90,17.90,1006.80,11.70
2.01E+03,1.00E+01,2.70E+01,1.60E+01,4.30E+01,0.00E+00,10/27/2010,4:43:00 PM,300.696530,3.960,102.0,13.70,17.20,1006.80,11.80
2.01E+03,1.00E+01,2.70E+01,1.70E+01,4.30E+01,0.00E+00,10/27/2010,5:43:00 PM,300.738190,3.990,100.0,14.50,18.00,1006.70,11.90
2.01E+03,1.00E+01,2.70E+01,1.80E+01,4.30E+01,0.00E+00,10/27/2010,6:43:00 PM,300.779860,4.110,94.0,14.00,17.30,1006.20,11.70
2.01E+03,1.00E+01,2.70E+01,1.90E+01,4.30E+01,0.00E+00,10/27/2010,7:43:00 PM,300.821530,4.230,86.0,14.60,19.20,1005.80,11.80
2.01E+03,1.00E+01,2.70E+01,2.00E+01,4.30E+01,0.00E+00,10/27/2010,8:43:00 PM,300.863190,4.620,84.0,14.10,18.60,1005.20,11.80
2.01E+03,1.00E+01,2.70E+01,2.10E+01,4.30E+01,0.00E+00,10/27/2010,9:43:00 PM,300.904860,4.410,77.0,14.30,17.50,1004.90,11.50
2.01E+03,1.00E+01,2.70E+01,2.20E+01,4.30E+01,0.00E+00,10/27/2010,10:43:00 PM,300.946530,4.820,67.0,12.80,16.20,1004.80,11.10
2.01E+03,1.00E+01,2.70E+01,2.30E+01,4.30E+01,0.00E+00,10/27/2010,11:43:00 PM,300.988190,4.890,86.0,12.50,18.90,1004.80,10.80
2.01E+03,1.00E+01,2.80E+01,0.00E+00,4.30E+01,0.00E+00,10/28/2010,12:43:00 AM,301.029860,4.590,70.0,12.50,15.40,1004.90,10.80
2.01E+03,1.00E+01,2.80E+01,1.00E+00,4.30E+01,0.00E+00,10/28/2010,1:43:00 AM,301.071530,4.930,52.0,14.80,18.20,1004.40,11.10
2.01E+03,1.00E+01,2.80E+01,2.00E+00,4.30E+01,0.00E+00,10/28/2010,2:43:00 AM,301.113190,5.030,60.0,15.40,19.10,1004.50,10.40
2.01E+03,1.00E+01,2.80E+01,3.00E+00,4.30E+01,0.00E+00,10/28/2010,3:43:00 AM,301.154860,5.150,73.0,14.80,19.20,1004.70,10.20
2.01E+03,1.00E+01,2.80E+01,4.00E+00,4.30E+01,0.00E+00,10/28/2010,4:43:00 AM,301.196530,5.310,61.0,16.00,19.70,1004.50,10.20
2.01E+03,1.00E+01,2.80E+01,5.00E+00,4.30E+01,0.00E+00,10/28/2010,5:43:00 AM,301.238190,5.190,60.0,15.10,20.40,1004.30,10.50
2.01E+03,1.00E+01,2.80E+01,6.00E+00,4.30E+01,0.00E+00,10/28/2010,6:43:00 AM,301.279860,6.170,67.0,14.00,18.20,1004.30,10.70
2.01E+03,1.00E+01,2.80E+01,7.00E+00,4.30E+01,0.00E+00,10/28/2010,7:43:00 AM,301.321530,5.930,57.0,12.40,16.00,1004.60,10.80
2.01E+03,1.00E+01,2.80E+01,8.00E+00,4.30E+01,0.00E+00,10/28/2010,8:43:00 AM,301.363190,5.600,50.0,12.30,15.10,1004.60,10.80
2.01E+03,1.00E+01,2.80E+01,1.00E+01,4.30E+01,0.00E+00,10/28/2010,10:43:00 AM,301.446530,5.230,43.0,11.60,13.80,1004.90,10.10
2.01E+03,1.00E+01,2.80E+01,1.10E+01,4.30E+01,0.00E+00,10/28/2010,11:43:00 AM,301.488190,5.430,34.0,12.00,15.40,1004.50,10.20
2.01E+03,1.00E+01,2.80E+01,1.20E+01,4.30E+01,0.00E+00,10/28/2010,12:43:00 PM,301.529860,4.890,36.0,12.70,15.40,1004.30,11.10
2.01E+03,1.00E+01,2.80E+01,1.30E+01,4.30E+01,0.00E+00,10/28/2010,1:43:00 PM,301.571530,5.000,41.0,13.00,15.90,1004.50,11.00
2.01E+03,1.00E+01,2.80E+01,1.40E+01,4.30E+01,0.00E+00,10/28/2010,2:43:00 PM,301.613190,5.020,34.0,11.30,15.20,1005.20,11.00
2.01E+03,1.00E+01,2.80E+01,1.50E+01,4.30E+01,0.00E+00,10/28/2010,3:43:00 PM,301.654860,5.350,42.0,10.30,13.40,1005.80,11.20
2.01E+03,1.00E+01,2.80E+01,1.60E+01,4.30E+01,0.00E+00,10/28/2010,4:43:00 PM,301.696530,4.920,38.0,9.60,12.10,1006.70,11.40
2.01E+03,1.00E+01,2.80E+01,1.70E+01,4.30E+01,0.00E+00,10/28/2010,5:43:00 PM,301.738190,4.600,37.0,8.80,11.20,1007.70,11.40
2.01E+03,1.00E+01,2.80E+01,1.80E+01,4.30E+01,0.00E+00,10/28/2010,6:43:00 PM,301.779860,4.330,30.0,7.40,9.10,1008.30,11.60
2.01E+03,1.00E+01,2.80E+01,1.90E+01,4.30E+01,0.00E+00,10/28/2010,7:43:00 PM,301.821530,4.260,44.0,5.80,7.00,1008.40,11.80
2.01E+03,1.00E+01,2.80E+01,2.00E+01,4.30E+01,0.00E+00,10/28/2010,8:43:00 PM,301.863190,4.530,53.0,5.00,6.60,1008.80,11.90
2.01E+03,1.00E+01,2.80E+01,2.10E+01,4.30E+01,0.00E+00,10/28/2010,9:43:00 PM,301.904860,4.300,70.0,6.40,8.20,1008.70,11.80
2.01E+03,1.00E+01,2.80E+01,2.20E+01,4.30E+01,0.00E+00,10/28/2010,10:43:00 PM,301.946530,4.170,85.0,5.20,6.80,1009.00,11.60
2.01E+03,1.00E+01,2.80E+01,2.30E+01,4.30E+01,0.00E+00,10/28/2010,11:43:00 PM,301.988190,4.150,101.0,4.80,6.70,1009.00,11.50
2.01E+03,1.00E+01,2.90E+01,0.00E+00,4.30E+01,0.00E+00,10/29/2010,12:43:00 AM,302.029860,4.120,114.0,4.90,7.00,1009.20,11.30
2.01E+03,1.00E+01,2.90E+01,1.00E+00,4.30E+01,0.00E+00,10/29/2010,1:43:00 AM,302.071530,3.830,85.0,1.80,3.20,1009.70,11.50
2.01E+03,1.00E+01,2.90E+01,2.00E+00,4.30E+01,0.00E+00,10/29/2010,2:43:00 AM,302.113190,3.430,118.0,2.00,3.30,1009.80,11.60
2.01E+03,1.00E+01,2.90E+01,3.00E+00,4.30E+01,0.00E+00,10/29/2010,3:43:00 AM,302.154860,3.530,169.0,2.30,3.20,1010.10,11.40
2.01E+03,1.00E+01,2.90E+01,4.00E+00,4.30E+01,0.00E+00,10/29/2010,4:43:00 AM,302.196530,3.530,174.0,2.40,3.10,1010.40,11.40
2.01E+03,1.00E+01,2.90E+01,5.00E+00,4.30E+01,0.00E+00,10/29/2010,5:43:00 AM,302.238190,3.280,209.0,2.40,3.10,1010.80,11.50
2.01E+03,1.00E+01,2.90E+01,6.00E+00,4.30E+01,0.00E+00,10/29/2010,6:43:00 AM,302.279860,3.350,208.0,2.40,3.30,1010.20,11.50
2.01E+03,1.00E+01,2.90E+01,7.00E+00,4.30E+01,0.00E+00,10/29/2010,7:43:00 AM,302.321530,3.320,256.0,4.10,5.30,1010.00,11.20
2.01E+03,1.00E+01,2.90E+01,8.00E+00,4.30E+01,0.00E+00,10/29/2010,8:43:00 AM,302.363190,3.150,249.0,6.00,7.50,1010.20,11.00
2.01E+03,1.00E+01,2.90E+01,9.00E+00,4.30E+01,0.00E+00,10/29/2010,9:43:00 AM,302.404860,2.960,244.0,7.30,8.80,1009.80,10.80
2.01E+03,1.00E+01,2.90E+01,1.00E+01,4.30E+01,0.00E+00,10/29/2010,10:43:00 AM,302.446530,3.040,231.0,7.10,9.10,1009.30,10.80
2.01E+03,1.00E+01,2.90E+01,1.10E+01,4.30E+01,0.00E+00,10/29/2010,11:43:00 AM,302.488190,2.860,215.0,8.30,10.00,1008.40,10.80
2.01E+03,1.00E+01,2.90E+01,1.20E+01,4.30E+01,0.00E+00,10/29/2010,12:43:00 PM,302.529860,2.820,219.0,9.50,11.40,1008.10,10.90
2.01E+03,1.00E+01,2.90E+01,1.30E+01,4.30E+01,0.00E+00,10/29/2010,1:43:00 PM,302.571530,2.670,211.0,10.60,12.80,1007.40,10.90
2.01E+03,1.00E+01,2.90E+01,1.40E+01,4.30E+01,0.00E+00,10/29/2010,2:43:00 PM,302.613190,2.610,207.0,10.50,12.80,1006.90,10.50
2.01E+03,1.00E+01,2.90E+01,1.50E+01,4.30E+01,0.00E+00,10/29/2010,3:43:00 PM,302.654860,2.700,201.0,11.80,14.00,1006.70,10.30
2.01E+03,1.00E+01,2.90E+01,1.60E+01,4.30E+01,0.00E+00,10/29/2010,4:43:00 PM,302.696530,2.760,194.0,11.90,14.40,1006.40,10.40
2.01E+03,1.00E+01,2.90E+01,1.70E+01,4.30E+01,0.00E+00,10/29/2010,5:43:00 PM,302.738190,2.660,179.0,11.50,13.30,1005.60,10.80
2.01E+03,1.00E+01,2.90E+01,1.80E+01,4.30E+01,0.00E+00,10/29/2010,6:43:00 PM,302.779860,2.750,184.0,12.10,15.30,1004.60,11.00
2.01E+03,1.00E+01,2.90E+01,1.90E+01,4.30E+01,0.00E+00,10/29/2010,7:43:00 PM,302.821530,2.850,178.0,12.50,15.70,1003.50,10.90
2.01E+03,1.00E+01,2.90E+01,2.00E+01,4.30E+01,0.00E+00,10/29/2010,8:43:00 PM,302.863190,3.130,186.0,14.20,17.40,1001.90,10.80
2.01E+03,1.00E+01,2.90E+01,2.10E+01,4.30E+01,0.00E+00,10/29/2010,9:43:00 PM,302.904860,3.430,185.0,14.20,18.00,1000.20,10.50
2.01E+03,1.00E+01,2.90E+01,2.20E+01,4.30E+01,0.00E+00,10/29/2010,10:43:00 PM,302.946530,3.660,184.0,16.00,19.30,998.60,10.30
2.01E+03,1.00E+01,2.90E+01,2.30E+01,4.30E+01,0.00E+00,10/29/2010,11:43:00 PM,302.988190,4.020,182.0,14.90,19.90,997.10,10.50
2.01E+03,1.00E+01,3.00E+01,0.00E+00,4.30E+01,0.00E+00,10/30/2010,12:43:00 AM,303.029860,3.930,183.0,14.50,18.40,995.80,10.80
2.01E+03,1.00E+01,3.00E+01,1.00E+00,4.30E+01,0.00E+00,10/30/2010,1:43:00 AM,303.071530,4.140,187.0,14.30,18.00,994.70,11.00
2.01E+03,1.00E+01,3.00E+01,2.00E+00,4.30E+01,0.00E+00,10/30/2010,2:43:00 AM,303.113190,4.310,190.0,12.30,14.60,994.40,11.20
2.01E+03,1.00E+01,3.00E+01,3.00E+00,4.30E+01,0.00E+00,10/30/2010,3:43:00 AM,303.154860,3.750,328.0,12.30,15.70,995.90,9.20
2.01E+03,1.00E+01,3.00E+01,4.00E+00,4.30E+01,0.00E+00,10/30/2010,4:43:00 AM,303.196530,3.500,323.0,12.00,14.90,996.80,9.30
2.01E+03,1.00E+01,3.00E+01,5.00E+00,4.30E+01,0.00E+00,10/30/2010,5:43:00 AM,303.238190,3.600,319.0,10.40,12.80,997.60,9.30
2.01E+03,1.00E+01,3.00E+01,6.00E+00,4.30E+01,0.00E+00,10/30/2010,6:43:00 AM,303.279860,3.260,314.0,9.70,12.10,998.60,9.50
2.01E+03,1.00E+01,3.00E+01,7.00E+00,4.30E+01,0.00E+00,10/30/2010,7:43:00 AM,303.321530,3.370,306.0,8.10,10.30,999.50,9.50
2.01E+03,1.00E+01,3.00E+01,8.00E+00,4.30E+01,0.00E+00,10/30/2010,8:43:00 AM,303.363190,3.430,305.0,8.70,10.60,999.80,9.70
2.01E+03,1.00E+01,3.00E+01,9.00E+00,4.30E+01,0.00E+00,10/30/2010,9:43:00 AM,303.404860,3.690,312.0,8.80,11.40,1000.30,8.60
2.01E+03,1.00E+01,3.00E+01,1.00E+01,4.30E+01,0.00E+00,10/30/2010,10:43:00 AM,303.446530,3.180,303.0,8.90,10.60,1000.80,9.60
2.01E+03,1.00E+01,3.00E+01,1.10E+01,4.30E+01,0.00E+00,10/30/2010,11:43:00 AM,303.488190,3.640,307.0,8.90,11.10,1000.70,9.10
2.01E+03,1.00E+01,3.00E+01,1.20E+01,4.30E+01,0.00E+00,10/30/2010,12:43:00 PM,303.529860,3.850,301.0,8.30,10.50,1001.00,9.50
2.01E+03,1.00E+01,3.00E+01,1.30E+01,4.30E+01,0.00E+00,10/30/2010,1:43:00 PM,303.571530,3.830,297.0,8.20,10.30,1001.30,9.40
2.01E+03,1.00E+01,3.00E+01,1.40E+01,4.30E+01,0.00E+00,10/30/2010,2:43:00 PM,303.613190,3.630,290.0,8.50,10.10,1001.90,9.20
2.01E+03,1.00E+01,3.00E+01,1.50E+01,4.30E+01,0.00E+00,10/30/2010,3:43:00 PM,303.654860,3.560,301.0,8.60,10.30,1002.50,9.10
2.01E+03,1.00E+01,3.00E+01,1.60E+01,4.30E+01,0.00E+00,10/30/2010,4:43:00 PM,303.696530,3.510,295.0,7.20,9.00,1003.00,9.10
2.01E+03,1.00E+01,3.00E+01,1.70E+01,4.30E+01,0.00E+00,10/30/2010,5:43:00 PM,303.738190,3.270,304.0,6.80,8.80,1003.70,9.10
2.01E+03,1.00E+01,3.00E+01,1.80E+01,4.30E+01,0.00E+00,10/30/2010,6:43:00 PM,303.779860,3.030,285.0,6.70,8.40,1004.30,9.20
2.01E+03,1.00E+01,3.00E+01,1.90E+01,4.30E+01,0.00E+00,10/30/2010,7:43:00 PM,303.821530,2.860,281.0,6.50,8.10,1004.70,9.30
2.01E+03,1.00E+01,3.00E+01,2.00E+01,4.30E+01,0.00E+00,10/30/2010,8:43:00 PM,303.863190,3.070,282.0,6.30,8.40,1004.80,9.20
2.01E+03,1.00E+01,3.00E+01,2.10E+01,4.30E+01,0.00E+00,10/30/2010,9:43:00 PM,303.904860,3.140,264.0,6.20,8.10,1004.90,9.00
2.01E+03,1.00E+01,3.00E+01,2.20E+01,4.30E+01,0.00E+00,10/30/2010,10:43:00 PM,303.946530,2.920,274.0,7.10,8.70,1005.10,9.50
2.01E+03,1.00E+01,3.00E+01,2.30E+01,4.30E+01,0.00E+00,10/30/2010,11:43:00 PM,303.988190,3.220,257.0,6.00,8.10,1005.00,9.20
2.01E+03,1.00E+01,3.10E+01,0.00E+00,4.30E+01,0.00E+00,10/31/2010,12:43:00 AM,304.029860,3.290,254.0,6.90,8.60,1005.20,8.90
2.01E+03,1.00E+01,3.10E+01,1.00E+00,4.30E+01,0.00E+00,10/31/2010,1:43:00 AM,304.071530,3.410,243.0,6.70,8.00,1005.50,8.90
2.01E+03,1.00E+01,3.10E+01,2.00E+00,4.30E+01,0.00E+00,10/31/2010,2:43:00 AM,304.113190,3.620,239.0,6.50,8.80,1005.70,8.80
2.01E+03,1.00E+01,3.10E+01,3.00E+00,4.30E+01,0.00E+00,10/31/2010,3:43:00 AM,304.154860,3.440,234.0,6.20,7.90,1005.70,8.70
2.01E+03,1.00E+01,3.10E+01,4.00E+00,4.30E+01,0.00E+00,10/31/2010,4:43:00 AM,304.196530,3.320,209.0,5.70,8.00,1005.60,9.00
2.01E+03,1.00E+01,3.10E+01,5.00E+00,4.30E+01,0.00E+00,10/31/2010,5:43:00 AM,304.238190,2.970,216.0,7.00,8.50,1005.70,9.20
2.01E+03,1.00E+01,3.10E+01,6.00E+00,4.30E+01,0.00E+00,10/31/2010,6:43:00 AM,304.279860,2.970,181.0,9.00,10.40,1005.60,8.90
2.01E+03,1.00E+01,3.10E+01,7.00E+00,4.30E+01,0.00E+00,10/31/2010,7:43:00 AM,304.321530,2.730,186.0,9.60,12.50,1004.60,9.40
2.01E+03,1.00E+01,3.10E+01,8.00E+00,4.30E+01,0.00E+00,10/31/2010,8:43:00 AM,304.363190,2.950,187.0,10.80,13.20,1004.40,9.90
2.01E+03,1.00E+01,3.10E+01,9.00E+00,4.30E+01,0.00E+00,10/31/2010,9:43:00 AM,304.404860,3.070,175.0,11.80,13.50,1003.20,9.90
2.01E+03,1.00E+01,3.10E+01,1.00E+01,4.30E+01,0.00E+00,10/31/2010,10:43:00 AM,304.446530,3.070,174.0,13.00,16.40,1001.70,10.20
2.01E+03,1.00E+01,3.10E+01,1.10E+01,4.30E+01,0.00E+00,10/31/2010,11:43:00 AM,304.488190,3.110,172.0,14.70,17.70,1000.00,10.50
2.01E+03,1.00E+01,3.10E+01,1.20E+01,4.30E+01,0.00E+00,10/31/2010,12:43:00 PM,304.529860,3.430,170.0,15.40,19.00,998.30,10.70
2.01E+03,1.00E+01,3.10E+01,1.30E+01,4.30E+01,0.00E+00,10/31/2010,1:43:00 PM,304.571530,3.760,168.0,14.60,19.70,996.70,10.70
2.01E+03,1.00E+01,3.10E+01,1.40E+01,4.30E+01,0.00E+00,10/31/2010,2:43:00 PM,304.613190,4.110,169.0,15.70,20.10,994.90,10.00
2.01E+03,1.00E+01,3.10E+01,1.50E+01,4.30E+01,0.00E+00,10/31/2010,3:43:00 PM,304.654860,4.180,166.0,17.10,21.70,993.00,10.70
2.01E+03,1.00E+01,3.10E+01,1.60E+01,4.30E+01,0.00E+00,10/31/2010,4:43:00 PM,304.696530,4.660,159.0,18.80,23.40,990.60,10.20
2.01E+03,1.00E+01,3.10E+01,1.70E+01,4.30E+01,0.00E+00,10/31/2010,5:43:00 PM,304.738190,5.480,158.0,19.20,23.50,988.20,10.40
2.01E+03,1.00E+01,3.10E+01,1.80E+01,4.30E+01,0.00E+00,10/31/2010,6:43:00 PM,304.779860,6.100,158.0,19.70,24.80,986.00,10.60
2.01E+03,1.00E+01,3.10E+01,1.90E+01,4.30E+01,0.00E+00,10/31/2010,7:43:00 PM,304.821530,6.160,167.0,20.50,25.70,984.20,11.00
2.01E+03,1.00E+01,3.10E+01,2.00E+01,4.30E+01,0.00E+00,10/31/2010,8:43:00 PM,304.863190,6.810,203.0,13.90,18.50,985.40,11.20
2.01E+03,1.00E+01,3.10E+01,2.10E+01,4.30E+01,0.00E+00,10/31/2010,9:43:00 PM,304.904860,6.880,198.0,12.60,16.10,985.20,11.10
2.01E+03,1.00E+01,3.10E+01,2.20E+01,4.30E+01,0.00E+00,10/31/2010,10:43:00 PM,304.946530,7.740,205.0,11.80,14.50,985.10,11.20
2.01E+03,1.00E+01,3.10E+01,2.30E+01,4.30E+01,0.00E+00,10/31/2010,11:43:00 PM,304.988190,7.620,199.0,11.90,15.50,986.00,11.30